app,language,clean|vulnerable,rule,file,line,verdict,cause,library_file,test_file,same_line_as_other_finding,note
flask-realworld,python,clean,python.lang.security.audit.dangerous-subprocess-use-audit.dangerous-subprocess-use-audit,conduit/commands.py,41,false,"developer or install tooling, not reachable from a request",False,False,False,"flask CLI lint command, fixed tool list"
pygoat,python,vulnerable,python.flask.security.xss.audit.template-unescaped-with-safe.template-unescaped-with-safe,challenge/templates/challenge.html,21,false,framework or template engine already escapes or protects it,False,False,False,csrf_token from Django
pygoat,python,vulnerable,python.lang.security.audit.dangerous-subprocess-use-audit.dangerous-subprocess-use-audit,challenge/views.py,50,false,"value comes from the app's own config, constants, or allowlist, not a visitor",False,False,False,docker command from challenge rows the admin created
pygoat,python,vulnerable,python.django.security.injection.command.subprocess-injection.subprocess-injection,challenge/views.py,81,false,"value comes from the app's own config, constants, or allowlist, not a visitor",False,False,True,docker command from challenge rows the admin created
pygoat,python,vulnerable,python.lang.security.audit.dangerous-subprocess-use-audit.dangerous-subprocess-use-audit,challenge/views.py,81,false,"value comes from the app's own config, constants, or allowlist, not a visitor",False,False,True,docker command from challenge rows the admin created
pygoat,python,vulnerable,python.flask.security.audit.secure-set-cookie.secure-set-cookie,dockerized_labs/broken_auth_lab/app.py,49,true,,False,False,False,
pygoat,python,vulnerable,python.flask.security.audit.secure-set-cookie.secure-set-cookie,dockerized_labs/broken_auth_lab/app.py,51,true,,False,False,False,
pygoat,python,vulnerable,python.lang.security.insecure-hash-algorithms-md5.insecure-hash-algorithm-md5,dockerized_labs/broken_auth_lab/app.py,86,true,,False,False,False,md5 for passwords / reset token
pygoat,python,vulnerable,python.flask.security.audit.debug-enabled.debug-enabled,dockerized_labs/broken_auth_lab/app.py,123,true,,False,False,False,
pygoat,python,vulnerable,python.django.security.django-no-csrf-token.django-no-csrf-token,dockerized_labs/broken_auth_lab/templates/lab.html,13,true,,False,False,False,"POST form without token; the Django views are @csrf_exempt, the Flask labs have no CSRF protection"
pygoat,python,vulnerable,python.django.security.django-no-csrf-token.django-no-csrf-token,dockerized_labs/broken_auth_lab/templates/lab.html,29,true,,False,False,False,"POST form without token; the Django views are @csrf_exempt, the Flask labs have no CSRF protection"
pygoat,python,vulnerable,python.django.security.django-no-csrf-token.django-no-csrf-token,dockerized_labs/broken_auth_lab/templates/lab.html,40,true,,False,False,False,"POST form without token; the Django views are @csrf_exempt, the Flask labs have no CSRF protection"
pygoat,python,vulnerable,python.django.security.django-no-csrf-token.django-no-csrf-token,dockerized_labs/broken_auth_lab/templates/reset.html,13,true,,False,False,False,"POST form without token; the Django views are @csrf_exempt, the Flask labs have no CSRF protection"
pygoat,python,vulnerable,python.flask.security.insecure-deserialization.insecure-deserialization,dockerized_labs/insec_des_lab/main.py,27,false,"not a security use (hash for an avatar URL, cookie being deleted, serializing own data)",False,False,True,pickle.dumps of the app's own object
pygoat,python,vulnerable,python.lang.security.deserialization.pickle.avoid-pickle,dockerized_labs/insec_des_lab/main.py,27,false,"not a security use (hash for an avatar URL, cookie being deleted, serializing own data)",False,False,True,pickle.dumps of the app's own object
pygoat,python,vulnerable,python.flask.security.insecure-deserialization.insecure-deserialization,dockerized_labs/insec_des_lab/main.py,36,true,,False,False,True,
pygoat,python,vulnerable,python.lang.security.deserialization.pickle.avoid-pickle,dockerized_labs/insec_des_lab/main.py,36,true,,False,False,True,pickle.loads of visitor data
pygoat,python,vulnerable,python.django.security.django-no-csrf-token.django-no-csrf-token,dockerized_labs/insec_des_lab/templates/index.html,61,true,,False,False,False,"POST form without token; the Django views are @csrf_exempt, the Flask labs have no CSRF protection"
pygoat,python,vulnerable,python.django.security.django-no-csrf-token.django-no-csrf-token,dockerized_labs/insec_des_lab/templates/index.html,69,true,,False,False,False,"POST form without token; the Django views are @csrf_exempt, the Flask labs have no CSRF protection"
pygoat,python,vulnerable,html.security.audit.missing-integrity.missing-integrity,dockerized_labs/sensitive_data_exposure/templates/about.html,5,true,,False,False,False,external script/stylesheet without SRI (carries no requirement in the map; findings_against V3.6.1)
pygoat,python,vulnerable,html.security.audit.missing-integrity.missing-integrity,dockerized_labs/sensitive_data_exposure/templates/about.html,91,true,,False,False,False,external script/stylesheet without SRI (carries no requirement in the map; findings_against V3.6.1)
pygoat,python,vulnerable,html.security.audit.missing-integrity.missing-integrity,dockerized_labs/sensitive_data_exposure/templates/about.html,92,true,,False,False,False,external script/stylesheet without SRI (carries no requirement in the map; findings_against V3.6.1)
pygoat,python,vulnerable,html.security.audit.missing-integrity.missing-integrity,dockerized_labs/sensitive_data_exposure/templates/about.html,93,true,,False,False,False,external script/stylesheet without SRI (carries no requirement in the map; findings_against V3.6.1)
pygoat,python,vulnerable,html.security.audit.missing-integrity.missing-integrity,dockerized_labs/sensitive_data_exposure/templates/base.html,5,true,,False,False,False,external script/stylesheet without SRI (carries no requirement in the map; findings_against V3.6.1)
pygoat,python,vulnerable,html.security.audit.missing-integrity.missing-integrity,dockerized_labs/sensitive_data_exposure/templates/base.html,60,true,,False,False,False,external script/stylesheet without SRI (carries no requirement in the map; findings_against V3.6.1)
pygoat,python,vulnerable,html.security.audit.missing-integrity.missing-integrity,dockerized_labs/sensitive_data_exposure/templates/base.html,61,true,,False,False,False,external script/stylesheet without SRI (carries no requirement in the map; findings_against V3.6.1)
pygoat,python,vulnerable,html.security.audit.missing-integrity.missing-integrity,dockerized_labs/sensitive_data_exposure/templates/base.html,62,true,,False,False,False,external script/stylesheet without SRI (carries no requirement in the map; findings_against V3.6.1)
pygoat,python,vulnerable,html.security.audit.missing-integrity.missing-integrity,dockerized_labs/sensitive_data_exposure/templates/index.html,5,true,,False,False,False,external script/stylesheet without SRI (carries no requirement in the map; findings_against V3.6.1)
pygoat,python,vulnerable,html.security.audit.missing-integrity.missing-integrity,dockerized_labs/sensitive_data_exposure/templates/index.html,132,true,,False,False,False,external script/stylesheet without SRI (carries no requirement in the map; findings_against V3.6.1)
pygoat,python,vulnerable,html.security.audit.missing-integrity.missing-integrity,dockerized_labs/sensitive_data_exposure/templates/index.html,133,true,,False,False,False,external script/stylesheet without SRI (carries no requirement in the map; findings_against V3.6.1)
pygoat,python,vulnerable,html.security.audit.missing-integrity.missing-integrity,dockerized_labs/sensitive_data_exposure/templates/index.html,134,true,,False,False,False,external script/stylesheet without SRI (carries no requirement in the map; findings_against V3.6.1)
pygoat,python,vulnerable,html.security.audit.missing-integrity.missing-integrity,dockerized_labs/sensitive_data_exposure/templates/lesson.html,5,true,,False,False,False,external script/stylesheet without SRI (carries no requirement in the map; findings_against V3.6.1)
pygoat,python,vulnerable,html.security.audit.missing-integrity.missing-integrity,dockerized_labs/sensitive_data_exposure/templates/lesson.html,337,true,,False,False,False,external script/stylesheet without SRI (carries no requirement in the map; findings_against V3.6.1)
pygoat,python,vulnerable,html.security.audit.missing-integrity.missing-integrity,dockerized_labs/sensitive_data_exposure/templates/lesson.html,338,true,,False,False,False,external script/stylesheet without SRI (carries no requirement in the map; findings_against V3.6.1)
pygoat,python,vulnerable,html.security.audit.missing-integrity.missing-integrity,dockerized_labs/sensitive_data_exposure/templates/lesson.html,339,true,,False,False,False,external script/stylesheet without SRI (carries no requirement in the map; findings_against V3.6.1)
pygoat,python,vulnerable,html.security.audit.missing-integrity.missing-integrity,dockerized_labs/sensitive_data_exposure/templates/lesson.html,340,true,,False,False,False,external script/stylesheet without SRI (carries no requirement in the map; findings_against V3.6.1)
pygoat,python,vulnerable,html.security.audit.missing-integrity.missing-integrity,dockerized_labs/sensitive_data_exposure/templates/login.html,5,true,,False,False,False,external script/stylesheet without SRI (carries no requirement in the map; findings_against V3.6.1)
pygoat,python,vulnerable,python.django.security.django-no-csrf-token.django-no-csrf-token,dockerized_labs/sensitive_data_exposure/templates/login.html,54,false,rule misfire (the protection is present on the flagged lines),False,False,False,{% csrf_token %} on the next line
pygoat,python,vulnerable,python.flask.security.xss.audit.template-unescaped-with-safe.template-unescaped-with-safe,dockerized_labs/sensitive_data_exposure/templates/login.html,59,false,framework or template engine already escapes or protects it,False,False,False,Django form widget renders its own escaped HTML
pygoat,python,vulnerable,python.flask.security.xss.audit.template-unescaped-with-safe.template-unescaped-with-safe,dockerized_labs/sensitive_data_exposure/templates/login.html,64,false,framework or template engine already escapes or protects it,False,False,False,Django form widget renders its own escaped HTML
pygoat,python,vulnerable,html.security.audit.missing-integrity.missing-integrity,dockerized_labs/sensitive_data_exposure/templates/login.html,82,true,,False,False,False,external script/stylesheet without SRI (carries no requirement in the map; findings_against V3.6.1)
pygoat,python,vulnerable,html.security.audit.missing-integrity.missing-integrity,dockerized_labs/sensitive_data_exposure/templates/login.html,83,true,,False,False,False,external script/stylesheet without SRI (carries no requirement in the map; findings_against V3.6.1)
pygoat,python,vulnerable,html.security.audit.missing-integrity.missing-integrity,dockerized_labs/sensitive_data_exposure/templates/login.html,84,true,,False,False,False,external script/stylesheet without SRI (carries no requirement in the map; findings_against V3.6.1)
pygoat,python,vulnerable,html.security.audit.missing-integrity.missing-integrity,dockerized_labs/sensitive_data_exposure/templates/profile.html,5,true,,False,False,False,external script/stylesheet without SRI (carries no requirement in the map; findings_against V3.6.1)
pygoat,python,vulnerable,html.security.audit.missing-integrity.missing-integrity,dockerized_labs/sensitive_data_exposure/templates/profile.html,211,true,,False,False,False,external script/stylesheet without SRI (carries no requirement in the map; findings_against V3.6.1)
pygoat,python,vulnerable,html.security.audit.missing-integrity.missing-integrity,dockerized_labs/sensitive_data_exposure/templates/profile.html,212,true,,False,False,False,external script/stylesheet without SRI (carries no requirement in the map; findings_against V3.6.1)
pygoat,python,vulnerable,html.security.audit.missing-integrity.missing-integrity,dockerized_labs/sensitive_data_exposure/templates/profile.html,213,true,,False,False,False,external script/stylesheet without SRI (carries no requirement in the map; findings_against V3.6.1)
pygoat,python,vulnerable,html.security.audit.missing-integrity.missing-integrity,dockerized_labs/sensitive_data_exposure/templates/profile.html,214,true,,False,False,False,external script/stylesheet without SRI (carries no requirement in the map; findings_against V3.6.1)
pygoat,python,vulnerable,html.security.audit.missing-integrity.missing-integrity,dockerized_labs/sensitive_data_exposure/templates/register.html,5,true,,False,False,False,external script/stylesheet without SRI (carries no requirement in the map; findings_against V3.6.1)
pygoat,python,vulnerable,html.security.audit.missing-integrity.missing-integrity,dockerized_labs/sensitive_data_exposure/templates/register.html,93,true,,False,False,False,external script/stylesheet without SRI (carries no requirement in the map; findings_against V3.6.1)
pygoat,python,vulnerable,html.security.audit.missing-integrity.missing-integrity,dockerized_labs/sensitive_data_exposure/templates/register.html,94,true,,False,False,False,external script/stylesheet without SRI (carries no requirement in the map; findings_against V3.6.1)
pygoat,python,vulnerable,html.security.audit.missing-integrity.missing-integrity,dockerized_labs/sensitive_data_exposure/templates/register.html,95,true,,False,False,False,external script/stylesheet without SRI (carries no requirement in the map; findings_against V3.6.1)
pygoat,python,vulnerable,python.django.security.audit.csrf-exempt.no-csrf-exempt,introduction/apis.py,22,true,,False,False,False,@csrf_exempt on POST views
pygoat,python,vulnerable,python.django.security.audit.csrf-exempt.no-csrf-exempt,introduction/apis.py,59,true,,False,False,False,@csrf_exempt on POST views
pygoat,python,vulnerable,python.django.security.audit.csrf-exempt.no-csrf-exempt,introduction/apis.py,93,true,,False,False,False,@csrf_exempt on POST views
pygoat,python,vulnerable,python.django.security.audit.csrf-exempt.no-csrf-exempt,introduction/apis.py,112,true,,False,False,False,@csrf_exempt on POST views
pygoat,python,vulnerable,python.django.security.audit.csrf-exempt.no-csrf-exempt,introduction/apis.py,125,true,,False,False,False,@csrf_exempt on POST views
pygoat,python,vulnerable,python.lang.security.insecure-hash-algorithms-md5.insecure-hash-algorithm-md5,introduction/mitre.py,161,true,,False,False,True,md5 for passwords / reset token
pygoat,python,vulnerable,python.lang.security.audit.md5-used-as-password.md5-used-as-password,introduction/mitre.py,161,true,,False,False,True,
pygoat,python,vulnerable,python.jwt.security.jwt-hardcode.jwt-python-hardcoded-secret,introduction/mitre.py,169,true,,False,False,False,
pygoat,python,vulnerable,python.django.security.audit.secure-cookies.django-secure-set-cookie,introduction/mitre.py,171,true,,False,False,False,cookie without Secure/HttpOnly
pygoat,python,vulnerable,python.django.security.audit.csrf-exempt.no-csrf-exempt,introduction/mitre.py,176,true,,False,False,False,@csrf_exempt on POST views
pygoat,python,vulnerable,python.django.security.audit.csrf-exempt.no-csrf-exempt,introduction/mitre.py,214,true,,False,False,False,@csrf_exempt on POST views
pygoat,python,vulnerable,python.django.security.injection.code.user-eval.user-eval,introduction/mitre.py,217,true,,False,False,False,
pygoat,python,vulnerable,python.lang.security.audit.eval-detected.eval-detected,introduction/mitre.py,218,true,,False,False,False,
pygoat,python,vulnerable,python.lang.security.audit.dangerous-subprocess-use-audit.dangerous-subprocess-use-audit,introduction/mitre.py,233,true,,False,False,True,"nmap/nslookup with visitor input, shell=True"
pygoat,python,vulnerable,python.lang.security.audit.subprocess-shell-true.subprocess-shell-true,introduction/mitre.py,233,true,,False,False,True,
pygoat,python,vulnerable,python.django.security.audit.csrf-exempt.no-csrf-exempt,introduction/mitre.py,237,true,,False,False,False,@csrf_exempt on POST views
pygoat,python,vulnerable,python.django.security.audit.csrf-exempt.no-csrf-exempt,introduction/playground/A9/api.py,7,true,,False,False,False,@csrf_exempt on POST views
pygoat,python,vulnerable,python.django.security.audit.csrf-exempt.no-csrf-exempt,introduction/playground/A9/archive.py,7,true,,False,False,False,@csrf_exempt on POST views
pygoat,python,vulnerable,generic.secrets.gitleaks.generic-api-key.generic-api-key,introduction/static/js/a7.js,4,true,,False,False,True,session JWT and CSRF cookie values pasted into client JS (a7.js commented out)
pygoat,python,vulnerable,generic.secrets.security.detected-jwt-token.detected-jwt-token,introduction/static/js/a7.js,4,true,,False,False,True,same pasted session token
pygoat,python,vulnerable,generic.secrets.gitleaks.jwt.jwt,introduction/static/js/a7.js,4,true,,False,False,True,same pasted session token
pygoat,python,vulnerable,generic.secrets.gitleaks.generic-api-key.generic-api-key,introduction/static/js/a9.js,18,true,,False,False,True,session JWT and CSRF cookie values pasted into client JS (a7.js commented out)
pygoat,python,vulnerable,generic.secrets.security.detected-jwt-token.detected-jwt-token,introduction/static/js/a9.js,18,true,,False,False,True,same pasted session token
pygoat,python,vulnerable,generic.secrets.gitleaks.jwt.jwt,introduction/static/js/a9.js,18,true,,False,False,True,same pasted session token
pygoat,python,vulnerable,javascript.browser.security.insecure-document-method.insecure-document-method,introduction/static/js/a9.js,40,unsure,,False,False,True,log lines put into innerHTML; logs may carry visitor text
pygoat,python,vulnerable,javascript.browser.security.insecure-innerhtml.insecure-innerhtml,introduction/static/js/a9.js,40,unsure,,False,False,True,same line as above
pygoat,python,vulnerable,python.django.security.django-no-csrf-token.django-no-csrf-token,introduction/templates/Lab/A9/a9_lab.html,10,true,,False,False,False,"POST form without token; the Django views are @csrf_exempt, the Flask labs have no CSRF protection"
pygoat,python,vulnerable,python.django.security.django-no-csrf-token.django-no-csrf-token,introduction/templates/Lab/A9/a9_lab2.html,21,true,,False,False,False,"POST form without token; the Django views are @csrf_exempt, the Flask labs have no CSRF protection"
pygoat,python,vulnerable,generic.html-templates.security.var-in-script-tag.var-in-script-tag,introduction/templates/Lab/A9/a9_lab2.html,91,false,framework or template engine already escapes or protects it,False,False,True,Django autoescape inside a quoted JS string
pygoat,python,vulnerable,javascript.express.security.audit.xss.mustache.var-in-script-tag.var-in-script-tag,introduction/templates/Lab/A9/a9_lab2.html,91,false,framework or template engine already escapes or protects it,False,False,True,Django autoescape inside a quoted JS string
pygoat,python,vulnerable,python.django.security.django-no-csrf-token.django-no-csrf-token,introduction/templates/Lab/BrokenAccess/ba_lab.html,11,true,,False,False,False,"POST form without token; the Django views are @csrf_exempt, the Flask labs have no CSRF protection"
pygoat,python,vulnerable,python.django.security.django-no-csrf-token.django-no-csrf-token,introduction/templates/Lab/BrokenAuth/otp.html,18,true,,False,False,False,"POST form without token; the Django views are @csrf_exempt, the Flask labs have no CSRF protection"
pygoat,python,vulnerable,python.django.security.django-no-csrf-token.django-no-csrf-token,introduction/templates/Lab/CMD/cmd_lab.html,9,true,,False,False,False,"POST form without token; the Django views are @csrf_exempt, the Flask labs have no CSRF protection"
pygoat,python,vulnerable,python.django.security.django-no-csrf-token.django-no-csrf-token,introduction/templates/Lab/CMD/cmd_lab2.html,9,true,,False,False,False,"POST form without token; the Django views are @csrf_exempt, the Flask labs have no CSRF protection"
pygoat,python,vulnerable,python.flask.security.xss.audit.template-unescaped-with-safe.template-unescaped-with-safe,introduction/templates/Lab/XSS/xss_lab.html,27,true,,False,False,False,visitor value marked safe
pygoat,python,vulnerable,python.flask.security.xss.audit.template-unescaped-with-safe.template-unescaped-with-safe,introduction/templates/Lab/XSS/xss_lab_2.html,20,true,,False,False,False,visitor value marked safe
pygoat,python,vulnerable,javascript.express.security.audit.xss.mustache.var-in-script-tag.var-in-script-tag,introduction/templates/Lab/XSS/xss_lab_3.html,22,true,,False,False,False,visitor code dropped bare into <script>
pygoat,python,vulnerable,python.django.security.django-no-csrf-token.django-no-csrf-token,introduction/templates/Lab/ssrf/ssrf_discussion.html,125,false,"documentation, tutorial, sample, or dead/commented code that does not run",False,False,False,form shown as escaped sample code on a discussion page
pygoat,python,vulnerable,python.django.security.django-no-csrf-token.django-no-csrf-token,introduction/templates/Lab/ssrf/ssrf_discussion.html,130,false,"documentation, tutorial, sample, or dead/commented code that does not run",False,False,False,form shown as escaped sample code on a discussion page
pygoat,python,vulnerable,python.django.security.django-no-csrf-token.django-no-csrf-token,introduction/templates/Lab/ssrf/ssrf_discussion.html,135,false,"documentation, tutorial, sample, or dead/commented code that does not run",False,False,False,form shown as escaped sample code on a discussion page
pygoat,python,vulnerable,python.django.security.django-no-csrf-token.django-no-csrf-token,introduction/templates/Lab/ssrf/ssrf_discussion.html,140,false,"documentation, tutorial, sample, or dead/commented code that does not run",False,False,False,form shown as escaped sample code on a discussion page
pygoat,python,vulnerable,python.flask.security.xss.audit.template-unescaped-with-safe.template-unescaped-with-safe,introduction/templates/Lab/ssrf/ssrf_lab2.html,23,true,,False,False,False,visitor value marked safe
pygoat,python,vulnerable,python.django.security.django-no-csrf-token.django-no-csrf-token,introduction/templates/Lab_2021/A1_BrokenAccessControl/broken_access_lab_1.html,11,true,,False,False,False,"POST form without token; the Django views are @csrf_exempt, the Flask labs have no CSRF protection"
pygoat,python,vulnerable,python.django.security.django-no-csrf-token.django-no-csrf-token,introduction/templates/Lab_2021/A1_BrokenAccessControl/broken_access_lab_2.html,11,true,,False,False,False,"POST form without token; the Django views are @csrf_exempt, the Flask labs have no CSRF protection"
pygoat,python,vulnerable,generic.html-templates.security.unquoted-attribute-var.unquoted-attribute-var,introduction/templates/Lab_2021/A3_Injection/ssti_lab.html,13,false,"value comes from the app's own config, constants, or allowlist, not a visitor",False,False,False,blog id generated by the server
pygoat,python,vulnerable,python.flask.security.xss.audit.template-unescaped-with-safe.template-unescaped-with-safe,introduction/templates/Lab_2021/A8_software_and_data_integrity_failure/lab2.html,11,true,,False,False,False,visitor value marked safe
pygoat,python,vulnerable,html.security.audit.insecure-document-method.insecure-document-method,introduction/templates/mitre/mitre_lab_17.html,21,unsure,,False,False,False,nmap output ports into innerHTML
pygoat,python,vulnerable,python.lang.security.use-defused-xml.use-defused-xml,introduction/views.py,17,true,,False,False,False,XXE lab: external entities enabled on the parser
pygoat,python,vulnerable,python.lang.security.use-defused-xml.use-defused-xml,introduction/views.py,18,true,,False,False,False,XXE lab: external entities enabled on the parser
pygoat,python,vulnerable,python.lang.security.use-defused-xml.use-defused-xml,introduction/views.py,19,true,,False,False,False,XXE lab: external entities enabled on the parser
pygoat,python,vulnerable,python.django.security.injection.tainted-sql-string.tainted-sql-string,introduction/views.py,158,true,,False,False,False,
pygoat,python,vulnerable,python.django.security.audit.raw-query.avoid-raw-sql,introduction/views.py,162,true,,False,False,False,
pygoat,python,vulnerable,python.lang.security.deserialization.pickle.avoid-pickle,introduction/views.py,202,false,"not a security use (hash for an avatar URL, cookie being deleted, serializing own data)",False,False,False,pickle.dumps of the app's own object
pygoat,python,vulnerable,python.django.security.audit.secure-cookies.django-secure-set-cookie,introduction/views.py,211,true,,False,False,False,cookie without Secure/HttpOnly
pygoat,python,vulnerable,python.django.security.audit.avoid-insecure-deserialization.avoid-insecure-deserialization,introduction/views.py,214,true,,False,False,True,
pygoat,python,vulnerable,python.lang.security.deserialization.pickle.avoid-pickle,introduction/views.py,214,true,,False,False,True,pickle.loads of visitor data
pygoat,python,vulnerable,python.django.security.audit.csrf-exempt.no-csrf-exempt,introduction/views.py,239,true,,False,False,False,@csrf_exempt on POST views
pygoat,python,vulnerable,python.django.security.audit.csrf-exempt.no-csrf-exempt,introduction/views.py,255,true,,False,False,False,@csrf_exempt on POST views
pygoat,python,vulnerable,python.django.security.audit.xss.direct-use-of-httpresponse.direct-use-of-httpresponse,introduction/views.py,290,false,framework or template engine already escapes or protects it,False,False,False,content from render_to_string with autoescape
pygoat,python,vulnerable,python.django.security.audit.secure-cookies.django-secure-set-cookie,introduction/views.py,291,true,,False,False,False,cookie without Secure/HttpOnly
pygoat,python,vulnerable,python.django.security.audit.xss.direct-use-of-httpresponse.direct-use-of-httpresponse,introduction/views.py,304,false,framework or template engine already escapes or protects it,False,False,False,content from render_to_string with autoescape
pygoat,python,vulnerable,python.django.security.audit.secure-cookies.django-secure-set-cookie,introduction/views.py,305,true,,False,False,False,cookie without Secure/HttpOnly
pygoat,python,vulnerable,python.django.security.audit.xss.direct-use-of-httpresponse.direct-use-of-httpresponse,introduction/views.py,318,false,framework or template engine already escapes or protects it,False,False,False,content from render_to_string with autoescape
pygoat,python,vulnerable,python.django.security.audit.secure-cookies.django-secure-set-cookie,introduction/views.py,319,true,,False,False,False,cookie without Secure/HttpOnly
pygoat,python,vulnerable,python.django.security.audit.xss.direct-use-of-httpresponse.direct-use-of-httpresponse,introduction/views.py,329,false,framework or template engine already escapes or protects it,False,False,False,content from render_to_string with autoescape
pygoat,python,vulnerable,python.django.security.audit.csrf-exempt.no-csrf-exempt,introduction/views.py,335,true,,False,False,False,@csrf_exempt on POST views
pygoat,python,vulnerable,python.django.security.audit.csrf-exempt.no-csrf-exempt,introduction/views.py,341,true,,False,False,False,@csrf_exempt on POST views
pygoat,python,vulnerable,python.django.security.audit.csrf-exempt.no-csrf-exempt,introduction/views.py,414,true,,False,False,False,@csrf_exempt on POST views
pygoat,python,vulnerable,python.django.security.injection.command.subprocess-injection.subprocess-injection,introduction/views.py,430,true,,False,False,True,
pygoat,python,vulnerable,python.lang.security.audit.dangerous-subprocess-use-audit.dangerous-subprocess-use-audit,introduction/views.py,430,true,,False,False,True,"nmap/nslookup with visitor input, shell=True"
pygoat,python,vulnerable,python.lang.security.dangerous-subprocess-use.dangerous-subprocess-use,introduction/views.py,431,true,,False,False,False,
pygoat,python,vulnerable,python.lang.security.audit.subprocess-shell-true.subprocess-shell-true,introduction/views.py,432,true,,False,False,False,
pygoat,python,vulnerable,python.django.security.audit.csrf-exempt.no-csrf-exempt,introduction/views.py,452,true,,False,False,False,@csrf_exempt on POST views
pygoat,python,vulnerable,python.django.security.injection.code.user-eval.user-eval,introduction/views.py,456,true,,False,False,False,
pygoat,python,vulnerable,python.lang.security.audit.eval-detected.eval-detected,introduction/views.py,460,true,,False,False,False,
pygoat,python,vulnerable,python.django.security.audit.csrf-exempt.no-csrf-exempt,introduction/views.py,492,true,,False,False,False,@csrf_exempt on POST views
pygoat,python,vulnerable,python.django.security.audit.csrf-exempt.no-csrf-exempt,introduction/views.py,550,true,,False,False,False,@csrf_exempt on POST views
pygoat,python,vulnerable,python.django.security.audit.avoid-insecure-deserialization.avoid-insecure-deserialization,introduction/views.py,560,true,,False,False,False,
pygoat,python,vulnerable,python.django.security.audit.csrf-exempt.no-csrf-exempt,introduction/views.py,573,true,,False,False,False,@csrf_exempt on POST views
pygoat,python,vulnerable,python.django.security.audit.csrf-exempt.no-csrf-exempt,introduction/views.py,738,true,,False,False,False,@csrf_exempt on POST views
pygoat,python,vulnerable,python.django.security.audit.csrf-exempt.no-csrf-exempt,introduction/views.py,746,true,,False,False,False,@csrf_exempt on POST views
pygoat,python,vulnerable,python.django.security.audit.csrf-exempt.no-csrf-exempt,introduction/views.py,782,true,,False,False,False,@csrf_exempt on POST views
pygoat,python,vulnerable,python.django.security.audit.csrf-exempt.no-csrf-exempt,introduction/views.py,846,true,,False,False,False,@csrf_exempt on POST views
pygoat,python,vulnerable,python.django.security.audit.csrf-exempt.no-csrf-exempt,introduction/views.py,854,true,,False,False,False,@csrf_exempt on POST views
pygoat,python,vulnerable,python.django.security.injection.tainted-sql-string.tainted-sql-string,introduction/views.py,864,true,,False,False,False,
pygoat,python,vulnerable,generic.secrets.gitleaks.generic-api-key.generic-api-key,introduction/views.py,866,false,"secret rule matched a hash or a public identifier, not a secret",False,False,False,"hex digests of lab passwords (hashes, not keys)"
pygoat,python,vulnerable,generic.secrets.gitleaks.generic-api-key.generic-api-key,introduction/views.py,870,false,"secret rule matched a hash or a public identifier, not a secret",False,False,False,"hex digests of lab passwords (hashes, not keys)"
pygoat,python,vulnerable,generic.secrets.gitleaks.generic-api-key.generic-api-key,introduction/views.py,872,false,"secret rule matched a hash or a public identifier, not a secret",False,False,False,"hex digests of lab passwords (hashes, not keys)"
pygoat,python,vulnerable,python.django.security.audit.raw-query.avoid-raw-sql,introduction/views.py,878,true,,False,False,False,
pygoat,python,vulnerable,python.django.security.injection.path-traversal.path-traversal-join.path-traversal-join,introduction/views.py,923,true,,False,False,False,
pygoat,python,vulnerable,python.django.security.injection.ssrf.ssrf-injection-requests.ssrf-injection-requests,introduction/views.py,961,true,,False,False,False,
pygoat,python,vulnerable,python.django.security.injection.raw-html-format.raw-html-format,introduction/views.py,990,true,,False,False,False,visitor blog text concatenated into a template (SSTI)
pygoat,python,vulnerable,python.lang.security.insecure-hash-algorithms-md5.insecure-hash-algorithm-md5,introduction/views.py,1026,true,,False,False,True,md5 for passwords / reset token
pygoat,python,vulnerable,python.lang.security.audit.md5-used-as-password.md5-used-as-password,introduction/views.py,1026,true,,False,False,True,
pygoat,python,vulnerable,python.lang.security.audit.md5-used-as-password.md5-used-as-password,introduction/views.py,1027,true,,False,False,False,
pygoat,python,vulnerable,python.django.security.audit.secure-cookies.django-secure-set-cookie,introduction/views.py,1076,true,,False,False,False,cookie without Secure/HttpOnly
pygoat,python,vulnerable,python.django.security.audit.secure-cookies.django-secure-set-cookie,introduction/views.py,1081,false,"not a security use (hash for an avatar URL, cookie being deleted, serializing own data)",False,False,False,cookie cleared (value None)
pygoat,python,vulnerable,python.django.security.audit.secure-cookies.django-secure-set-cookie,introduction/views.py,1109,true,,False,False,False,cookie without Secure/HttpOnly
pygoat,python,vulnerable,generic.secrets.gitleaks.generic-api-key.generic-api-key,introduction/views.py,1164,false,"secret rule matched a hash or a public identifier, not a secret",False,False,False,"hex digests of lab passwords (hashes, not keys)"
pygoat,python,vulnerable,generic.secrets.gitleaks.generic-api-key.generic-api-key,introduction/views.py,1165,false,"secret rule matched a hash or a public identifier, not a secret",False,False,False,"hex digests of lab passwords (hashes, not keys)"
pygoat,python,vulnerable,generic.secrets.gitleaks.generic-api-key.generic-api-key,introduction/views.py,1166,false,"secret rule matched a hash or a public identifier, not a secret",False,False,False,"hex digests of lab passwords (hashes, not keys)"
pygoat,python,vulnerable,generic.secrets.gitleaks.generic-api-key.generic-api-key,introduction/views.py,1167,false,"secret rule matched a hash or a public identifier, not a secret",False,False,False,"hex digests of lab passwords (hashes, not keys)"
pygoat,python,vulnerable,python.django.security.audit.csrf-exempt.no-csrf-exempt,introduction/views.py,1177,true,,False,False,False,@csrf_exempt on POST views
pygoat,python,vulnerable,python.django.security.audit.secure-cookies.django-secure-set-cookie,introduction/views.py,1197,false,"not a security use (hash for an avatar URL, cookie being deleted, serializing own data)",False,False,False,cookie cleared (value None)
pygoat,python,vulnerable,python.django.security.audit.secure-cookies.django-secure-set-cookie,introduction/views.py,1204,true,,False,False,False,cookie without Secure/HttpOnly
pygoat,python,vulnerable,python.lang.security.audit.dangerous-subprocess-use-audit.dangerous-subprocess-use-audit,uninstaller.py,47,false,"developer or install tooling, not reachable from a request",False,False,False,fixed pip arguments in an uninstall script
pygoat,python,vulnerable,python.lang.security.audit.dangerous-subprocess-use-audit.dangerous-subprocess-use-audit,uninstaller.py,62,false,"developer or install tooling, not reachable from a request",False,False,False,fixed pip arguments in an uninstall script
vuln-flask,python,vulnerable,python.flask.security.dangerous-template-string.dangerous-template-string,app/app.py,103,true,,False,False,True,
vuln-flask,python,vulnerable,python.django.security.injection.raw-html-format.raw-html-format,app/app.py,103,true,,False,False,True,
vuln-flask,python,vulnerable,python.flask.security.injection.raw-html-concat.raw-html-format,app/app.py,103,true,,False,False,True,
vuln-flask,python,vulnerable,python.flask.security.audit.render-template-string.render-template-string,app/app.py,114,true,,False,False,False,
vuln-flask,python,vulnerable,python.lang.security.insecure-hash-algorithms-md5.insecure-hash-algorithm-md5,app/app.py,141,true,,False,False,True,
vuln-flask,python,vulnerable,python.lang.security.audit.md5-used-as-password.md5-used-as-password,app/app.py,141,true,,False,False,True,
vuln-flask,python,vulnerable,python.django.security.injection.tainted-sql-string.tainted-sql-string,app/app.py,261,true,,False,False,True,
vuln-flask,python,vulnerable,python.flask.security.injection.tainted-sql-string.tainted-sql-string,app/app.py,261,true,,False,False,True,
vuln-flask,python,vulnerable,python.lang.security.audit.formatted-sql-query.formatted-sql-query,app/app.py,265,true,,False,False,True,
vuln-flask,python,vulnerable,python.sqlalchemy.security.sqlalchemy-execute-raw-query.sqlalchemy-execute-raw-query,app/app.py,265,true,,False,False,True,
vuln-flask,python,vulnerable,python.flask.security.dangerous-template-string.dangerous-template-string,app/app.py,271,true,,False,False,False,
vuln-flask,python,vulnerable,python.flask.security.audit.render-template-string.render-template-string,app/app.py,281,true,,False,False,False,
vuln-flask,python,vulnerable,python.flask.security.insecure-deserialization.insecure-deserialization,app/app.py,329,true,,False,False,False,
vuln-flask,python,vulnerable,javascript.browser.security.eval-detected.eval-detected,app/static/loader.js,24,false,third-party library or minified/obfuscated file kept in the app,True,False,False,
vuln-flask,python,vulnerable,javascript.browser.security.eval-detected.eval-detected,app/static/loader.js,26,false,third-party library or minified/obfuscated file kept in the app,True,False,False,
vuln-flask,python,vulnerable,javascript.browser.security.eval-detected.eval-detected,app/static/loader.js,41,false,third-party library or minified/obfuscated file kept in the app,True,False,False,
vuln-flask,python,vulnerable,javascript.lang.security.audit.detect-non-literal-regexp.detect-non-literal-regexp,app/static/loader.js,55,false,third-party library or minified/obfuscated file kept in the app,True,False,True,
vuln-flask,python,vulnerable,javascript.lang.security.audit.detect-non-literal-regexp.detect-non-literal-regexp,app/static/loader.js,55,false,third-party library or minified/obfuscated file kept in the app,True,False,True,
vuln-flask,python,vulnerable,javascript.lang.security.audit.detect-redos.detect-redos,app/static/loader.js,58,false,third-party library or minified/obfuscated file kept in the app,True,False,True,
vuln-flask,python,vulnerable,javascript.lang.security.audit.detect-redos.detect-redos,app/static/loader.js,58,false,third-party library or minified/obfuscated file kept in the app,True,False,True,
vuln-flask,python,vulnerable,javascript.lang.security.audit.detect-non-literal-regexp.detect-non-literal-regexp,app/static/loader.js,59,false,third-party library or minified/obfuscated file kept in the app,True,False,False,
vuln-flask,python,vulnerable,javascript.lang.security.audit.unsafe-dynamic-method.unsafe-dynamic-method,app/static/loader.js,94,false,third-party library or minified/obfuscated file kept in the app,True,False,True,
vuln-flask,python,vulnerable,javascript.lang.security.audit.unsafe-dynamic-method.unsafe-dynamic-method,app/static/loader.js,94,false,third-party library or minified/obfuscated file kept in the app,True,False,True,
vuln-flask,python,vulnerable,javascript.browser.security.insecure-document-method.insecure-document-method,app/static/loader.js,153,false,third-party library or minified/obfuscated file kept in the app,True,False,True,
vuln-flask,python,vulnerable,javascript.browser.security.insecure-innerhtml.insecure-innerhtml,app/static/loader.js,153,false,third-party library or minified/obfuscated file kept in the app,True,False,True,
vuln-flask,python,vulnerable,javascript.browser.security.insecure-document-method.insecure-document-method,app/static/loader.js,153,false,third-party library or minified/obfuscated file kept in the app,True,False,True,
vuln-flask,python,vulnerable,generic.html-templates.security.var-in-href.var-in-href,app/templates/index.html,12,false,"value comes from the app's own config, constants, or allowlist, not a visitor",False,False,False,links to the app's own route list
vuln-flask,python,vulnerable,python.requests.security.disabled-cert-validation.disabled-cert-validation,tests/e2e_zap.py,17,false,test or fixture code,False,True,False,
vuln-flask,python,vulnerable,python.requests.security.disabled-cert-validation.disabled-cert-validation,tests/e2e_zap.py,28,false,test or fixture code,False,True,False,
vuln-flask,python,vulnerable,python.requests.security.disabled-cert-validation.disabled-cert-validation,tests/e2e_zap.py,36,false,test or fixture code,False,True,False,
vuln-flask,python,vulnerable,python.requests.security.disabled-cert-validation.disabled-cert-validation,tests/e2e_zap.py,44,false,test or fixture code,False,True,False,
nodegoat,js,vulnerable,javascript.browser.security.eval-detected.eval-detected,app/routes/contributions.js,32,true,,False,False,True,
nodegoat,js,vulnerable,javascript.lang.security.audit.code-string-concat.code-string-concat,app/routes/contributions.js,32,true,,False,False,True,
nodegoat,js,vulnerable,javascript.browser.security.eval-detected.eval-detected,app/routes/contributions.js,33,true,,False,False,True,
nodegoat,js,vulnerable,javascript.lang.security.audit.code-string-concat.code-string-concat,app/routes/contributions.js,33,true,,False,False,True,
nodegoat,js,vulnerable,javascript.browser.security.eval-detected.eval-detected,app/routes/contributions.js,34,true,,False,False,True,
nodegoat,js,vulnerable,javascript.lang.security.audit.code-string-concat.code-string-concat,app/routes/contributions.js,34,true,,False,False,True,
nodegoat,js,vulnerable,javascript.express.security.audit.express-open-redirect.express-open-redirect,app/routes/index.js,72,true,,False,False,False,
nodegoat,js,vulnerable,javascript.lang.security.audit.detect-redos.detect-redos,app/routes/profile.js,61,true,,False,False,False,
nodegoat,js,vulnerable,python.django.security.django-no-csrf-token.django-no-csrf-token,app/views/benefits.html,54,true,,False,False,False,no CSRF token on state-changing forms (documented A8); Django rule fires on Swig templates
nodegoat,js,vulnerable,python.django.security.django-no-csrf-token.django-no-csrf-token,app/views/login.html,107,true,,False,False,False,no CSRF token on state-changing forms (documented A8); Django rule fires on Swig templates
nodegoat,js,vulnerable,python.django.security.django-no-csrf-token.django-no-csrf-token,app/views/memos.html,15,true,,False,False,False,no CSRF token on state-changing forms (documented A8); Django rule fires on Swig templates
nodegoat,js,vulnerable,generic.html-templates.security.var-in-href.var-in-href,app/views/profile.html,78,true,,False,False,False,
nodegoat,js,vulnerable,html.security.plaintext-http-link.plaintext-http-link,app/views/tutorial/a2.html,207,false,"documentation, tutorial, sample, or dead/commented code that does not run",False,False,False,reference links in tutorial pages
nodegoat,js,vulnerable,html.security.plaintext-http-link.plaintext-http-link,app/views/tutorial/a2.html,209,false,"documentation, tutorial, sample, or dead/commented code that does not run",False,False,False,reference links in tutorial pages
nodegoat,js,vulnerable,html.security.plaintext-http-link.plaintext-http-link,app/views/tutorial/a2.html,210,false,"documentation, tutorial, sample, or dead/commented code that does not run",False,False,False,reference links in tutorial pages
nodegoat,js,vulnerable,html.security.plaintext-http-link.plaintext-http-link,app/views/tutorial/a5.html,50,false,"documentation, tutorial, sample, or dead/commented code that does not run",False,False,False,reference links in tutorial pages
nodegoat,js,vulnerable,html.security.plaintext-http-link.plaintext-http-link,app/views/tutorial/a5.html,51,false,"documentation, tutorial, sample, or dead/commented code that does not run",False,False,False,reference links in tutorial pages
nodegoat,js,vulnerable,generic.secrets.security.detected-bcrypt-hash.detected-bcrypt-hash,artifacts/db-reset.js,19,false,"secret rule matched a hash or a public identifier, not a secret",False,False,False,commented-out bcrypt hashes in a DB seed script
nodegoat,js,vulnerable,generic.secrets.security.detected-bcrypt-hash.detected-bcrypt-hash,artifacts/db-reset.js,28,false,"secret rule matched a hash or a public identifier, not a secret",False,False,False,commented-out bcrypt hashes in a DB seed script
nodegoat,js,vulnerable,generic.secrets.security.detected-bcrypt-hash.detected-bcrypt-hash,artifacts/db-reset.js,36,false,"secret rule matched a hash or a public identifier, not a secret",False,False,False,commented-out bcrypt hashes in a DB seed script
nodegoat,js,vulnerable,generic.secrets.gitleaks.generic-api-key.generic-api-key,config/env/development.js,6,true,,False,False,False,ZAP API key in dev config
nodegoat,js,vulnerable,generic.secrets.gitleaks.generic-api-key.generic-api-key,config/env/test.js,6,false,test or fixture code,False,True,False,
nodegoat,js,vulnerable,problem-based-packs.insecure-transport.js-node.using-http-server.using-http-server,server.js,145,true,,False,False,False,
gin-realworld,go,clean,go.jwt-go.security.jwt.hardcoded-jwt-key,common/utils.go,51,true,,False,False,False,JWT signing secret is a string constant in common/utils.go:41
govwa,go,vulnerable,javascript.lang.security.audit.unsafe-dynamic-method.unsafe-dynamic-method,public/js/bootstrap.js,484,false,third-party library or minified/obfuscated file kept in the app,True,False,False,
govwa,go,vulnerable,javascript.lang.security.audit.unsafe-dynamic-method.unsafe-dynamic-method,public/js/bootstrap.js,605,false,third-party library or minified/obfuscated file kept in the app,True,False,False,
govwa,go,vulnerable,javascript.lang.security.audit.unsafe-dynamic-method.unsafe-dynamic-method,public/js/bootstrap.js,617,false,third-party library or minified/obfuscated file kept in the app,True,False,False,
govwa,go,vulnerable,javascript.lang.security.audit.unsafe-dynamic-method.unsafe-dynamic-method,public/js/bootstrap.js,629,false,third-party library or minified/obfuscated file kept in the app,True,False,False,
govwa,go,vulnerable,javascript.lang.security.audit.unsafe-dynamic-method.unsafe-dynamic-method,public/js/bootstrap.js,643,false,third-party library or minified/obfuscated file kept in the app,True,False,True,
govwa,go,vulnerable,javascript.lang.security.audit.unsafe-dynamic-method.unsafe-dynamic-method,public/js/bootstrap.js,643,false,third-party library or minified/obfuscated file kept in the app,True,False,True,
govwa,go,vulnerable,javascript.lang.security.audit.unsafe-dynamic-method.unsafe-dynamic-method,public/js/bootstrap.js,666,false,third-party library or minified/obfuscated file kept in the app,True,False,False,
govwa,go,vulnerable,javascript.lang.security.audit.unsafe-dynamic-method.unsafe-dynamic-method,public/js/bootstrap.js,715,false,third-party library or minified/obfuscated file kept in the app,True,False,False,
govwa,go,vulnerable,javascript.lang.security.audit.unsafe-dynamic-method.unsafe-dynamic-method,public/js/bootstrap.js,1215,false,third-party library or minified/obfuscated file kept in the app,True,False,False,
govwa,go,vulnerable,javascript.lang.security.audit.unsafe-dynamic-method.unsafe-dynamic-method,public/js/bootstrap.js,1758,false,third-party library or minified/obfuscated file kept in the app,True,False,False,
govwa,go,vulnerable,javascript.lang.security.audit.unsafe-dynamic-method.unsafe-dynamic-method,public/js/bootstrap.js,1867,false,third-party library or minified/obfuscated file kept in the app,True,False,False,
govwa,go,vulnerable,javascript.lang.security.audit.unsafe-dynamic-method.unsafe-dynamic-method,public/js/bootstrap.js,2029,false,third-party library or minified/obfuscated file kept in the app,True,False,False,
govwa,go,vulnerable,javascript.lang.security.audit.unsafe-dynamic-method.unsafe-dynamic-method,public/js/bootstrap.js,2183,false,third-party library or minified/obfuscated file kept in the app,True,False,False,
govwa,go,vulnerable,javascript.lang.security.audit.unsafe-dynamic-method.unsafe-dynamic-method,public/js/bootstrap.js,2341,false,third-party library or minified/obfuscated file kept in the app,True,False,False,
govwa,go,vulnerable,javascript.lang.security.audit.unsafe-dynamic-method.unsafe-dynamic-method,public/js/bootstrap.min.js,6,false,third-party library or minified/obfuscated file kept in the app,True,False,True,
govwa,go,vulnerable,javascript.lang.security.audit.unsafe-dynamic-method.unsafe-dynamic-method,public/js/bootstrap.min.js,6,false,third-party library or minified/obfuscated file kept in the app,True,False,True,
govwa,go,vulnerable,javascript.lang.security.audit.unsafe-dynamic-method.unsafe-dynamic-method,public/js/bootstrap.min.js,6,false,third-party library or minified/obfuscated file kept in the app,True,False,True,
govwa,go,vulnerable,javascript.lang.security.audit.unsafe-dynamic-method.unsafe-dynamic-method,public/js/bootstrap.min.js,6,false,third-party library or minified/obfuscated file kept in the app,True,False,True,
govwa,go,vulnerable,javascript.lang.security.audit.unsafe-dynamic-method.unsafe-dynamic-method,public/js/bootstrap.min.js,6,false,third-party library or minified/obfuscated file kept in the app,True,False,True,
govwa,go,vulnerable,javascript.lang.security.audit.unsafe-dynamic-method.unsafe-dynamic-method,public/js/bootstrap.min.js,6,false,third-party library or minified/obfuscated file kept in the app,True,False,True,
govwa,go,vulnerable,javascript.lang.security.audit.unsafe-dynamic-method.unsafe-dynamic-method,public/js/bootstrap.min.js,6,false,third-party library or minified/obfuscated file kept in the app,True,False,True,
govwa,go,vulnerable,javascript.lang.security.audit.unsafe-dynamic-method.unsafe-dynamic-method,public/js/bootstrap.min.js,6,false,third-party library or minified/obfuscated file kept in the app,True,False,True,
govwa,go,vulnerable,javascript.lang.security.audit.unsafe-dynamic-method.unsafe-dynamic-method,public/js/bootstrap.min.js,6,false,third-party library or minified/obfuscated file kept in the app,True,False,True,
govwa,go,vulnerable,javascript.lang.security.audit.unsafe-dynamic-method.unsafe-dynamic-method,public/js/bootstrap.min.js,6,false,third-party library or minified/obfuscated file kept in the app,True,False,True,
govwa,go,vulnerable,javascript.lang.security.audit.unsafe-dynamic-method.unsafe-dynamic-method,public/js/bootstrap.min.js,6,false,third-party library or minified/obfuscated file kept in the app,True,False,True,
govwa,go,vulnerable,javascript.lang.security.audit.unsafe-dynamic-method.unsafe-dynamic-method,public/js/bootstrap.min.js,6,false,third-party library or minified/obfuscated file kept in the app,True,False,True,
govwa,go,vulnerable,javascript.lang.security.audit.unsafe-dynamic-method.unsafe-dynamic-method,public/js/bootstrap.min.js,7,false,third-party library or minified/obfuscated file kept in the app,True,False,True,
govwa,go,vulnerable,javascript.lang.security.audit.unsafe-dynamic-method.unsafe-dynamic-method,public/js/bootstrap.min.js,7,false,third-party library or minified/obfuscated file kept in the app,True,False,True,
govwa,go,vulnerable,javascript.lang.security.audit.detect-redos.detect-redos,public/js/jquery-3.2.1-min.js,2,false,third-party library or minified/obfuscated file kept in the app,True,False,True,
govwa,go,vulnerable,javascript.lang.security.audit.detect-redos.detect-redos,public/js/jquery-3.2.1-min.js,2,false,third-party library or minified/obfuscated file kept in the app,True,False,True,
govwa,go,vulnerable,javascript.lang.security.audit.unsafe-dynamic-method.unsafe-dynamic-method,public/js/jquery-3.2.1-min.js,2,false,third-party library or minified/obfuscated file kept in the app,True,False,True,
govwa,go,vulnerable,javascript.lang.security.audit.detect-non-literal-regexp.detect-non-literal-regexp,public/js/jquery-3.2.1-min.js,2,false,third-party library or minified/obfuscated file kept in the app,True,False,True,
govwa,go,vulnerable,javascript.lang.security.audit.unsafe-dynamic-method.unsafe-dynamic-method,public/js/jquery-3.2.1-min.js,2,false,third-party library or minified/obfuscated file kept in the app,True,False,True,
govwa,go,vulnerable,javascript.lang.security.audit.unsafe-dynamic-method.unsafe-dynamic-method,public/js/jquery-3.2.1-min.js,2,false,third-party library or minified/obfuscated file kept in the app,True,False,True,
govwa,go,vulnerable,javascript.lang.security.audit.unsafe-dynamic-method.unsafe-dynamic-method,public/js/jquery-3.2.1-min.js,2,false,third-party library or minified/obfuscated file kept in the app,True,False,True,
govwa,go,vulnerable,javascript.lang.security.audit.unsafe-dynamic-method.unsafe-dynamic-method,public/js/jquery-3.2.1-min.js,2,false,third-party library or minified/obfuscated file kept in the app,True,False,True,
govwa,go,vulnerable,javascript.lang.security.audit.unsafe-dynamic-method.unsafe-dynamic-method,public/js/jquery-3.2.1-min.js,2,false,third-party library or minified/obfuscated file kept in the app,True,False,True,
govwa,go,vulnerable,javascript.lang.security.audit.unsafe-dynamic-method.unsafe-dynamic-method,public/js/jquery-3.2.1-min.js,2,false,third-party library or minified/obfuscated file kept in the app,True,False,True,
govwa,go,vulnerable,javascript.lang.security.audit.unsafe-dynamic-method.unsafe-dynamic-method,public/js/jquery-3.2.1-min.js,3,false,third-party library or minified/obfuscated file kept in the app,True,False,True,
govwa,go,vulnerable,javascript.lang.security.audit.unsafe-dynamic-method.unsafe-dynamic-method,public/js/jquery-3.2.1-min.js,3,false,third-party library or minified/obfuscated file kept in the app,True,False,True,
govwa,go,vulnerable,javascript.lang.security.audit.unsafe-dynamic-method.unsafe-dynamic-method,public/js/jquery-3.2.1-min.js,3,false,third-party library or minified/obfuscated file kept in the app,True,False,True,
govwa,go,vulnerable,javascript.lang.security.audit.unsafe-dynamic-method.unsafe-dynamic-method,public/js/jquery-3.2.1-min.js,4,false,third-party library or minified/obfuscated file kept in the app,True,False,True,
govwa,go,vulnerable,javascript.jquery.security.audit.prohibit-jquery-html.prohibit-jquery-html,public/js/jquery-3.2.1-min.js,4,false,third-party library or minified/obfuscated file kept in the app,True,False,True,
govwa,go,vulnerable,javascript.express.security.audit.xss.mustache.var-in-script-tag.var-in-script-tag,templates/template.header.html,13,false,"value comes from the app's own config, constants, or allowlist, not a visitor",False,False,False,weburl from config
govwa,go,vulnerable,javascript.express.security.audit.xss.mustache.var-in-script-tag.var-in-script-tag,templates/template.header.html,14,false,"value comes from the app's own config, constants, or allowlist, not a visitor",False,False,False,weburl from config
govwa,go,vulnerable,html.security.plaintext-http-link.plaintext-http-link,templates/template.idor1.html,56,false,"documentation, tutorial, sample, or dead/commented code that does not run",False,False,False,reference links in lesson pages
govwa,go,vulnerable,html.security.plaintext-http-link.plaintext-http-link,templates/template.idor2.html,57,false,"documentation, tutorial, sample, or dead/commented code that does not run",False,False,False,reference links in lesson pages
govwa,go,vulnerable,html.security.audit.missing-integrity.missing-integrity,templates/template.login.html,7,true,,False,False,False,external script/stylesheet without SRI (carries no requirement in the map; findings_against V3.6.1)
govwa,go,vulnerable,html.security.audit.missing-integrity.missing-integrity,templates/template.login.html,8,true,,False,False,False,external script/stylesheet without SRI (carries no requirement in the map; findings_against V3.6.1)
govwa,go,vulnerable,python.django.security.django-no-csrf-token.django-no-csrf-token,templates/template.login.html,29,true,,False,False,False,login form without CSRF token; Django rule on a Go template
govwa,go,vulnerable,generic.html-templates.security.var-in-href.var-in-href,templates/template.sidebar.html,28,false,framework or template engine already escapes or protects it,False,False,False,Go html/template escapes contextually; weburl from config
govwa,go,vulnerable,generic.html-templates.security.var-in-href.var-in-href,templates/template.sidebar.html,37,false,framework or template engine already escapes or protects it,False,False,False,Go html/template escapes contextually; weburl from config
govwa,go,vulnerable,html.security.plaintext-http-link.plaintext-http-link,templates/template.sqli1.html,19,false,"documentation, tutorial, sample, or dead/commented code that does not run",False,False,False,reference links in lesson pages
govwa,go,vulnerable,html.security.plaintext-http-link.plaintext-http-link,templates/template.sqli2.html,18,false,"documentation, tutorial, sample, or dead/commented code that does not run",False,False,False,reference links in lesson pages
govwa,go,vulnerable,html.security.plaintext-http-link.plaintext-http-link,templates/template.sqli2.html,19,false,"documentation, tutorial, sample, or dead/commented code that does not run",False,False,False,reference links in lesson pages
govwa,go,vulnerable,go.gorilla.security.audit.session-cookie-missing-httponly.session-cookie-missing-httponly,user/session/session.go,28,true,,False,False,True,
govwa,go,vulnerable,go.gorilla.security.audit.session-cookie-missing-secure.session-cookie-missing-secure,user/session/session.go,28,true,,False,False,True,
govwa,go,vulnerable,go.gorilla.security.audit.session-cookie-missing-httponly.session-cookie-missing-httponly,user/session/session.go,67,false,"not a security use (hash for an avatar URL, cookie being deleted, serializing own data)",False,False,True,session being deleted (MaxAge -1)
govwa,go,vulnerable,go.gorilla.security.audit.session-cookie-missing-secure.session-cookie-missing-secure,user/session/session.go,67,false,"not a security use (hash for an avatar URL, cookie being deleted, serializing own data)",False,False,True,session being deleted (MaxAge -1)
govwa,go,vulnerable,go.lang.security.audit.crypto.use_of_weak_crypto.use-of-md5,user/user.go,160,true,,False,False,False,md5 password hashing
govwa,go,vulnerable,go.lang.security.audit.net.cookie-missing-httponly.cookie-missing-httponly,util/cookie.go,32,true,,False,False,True,
govwa,go,vulnerable,go.lang.security.audit.net.cookie-missing-secure.cookie-missing-secure,util/cookie.go,32,true,,False,False,True,
govwa,go,vulnerable,go.lang.security.audit.net.cookie-missing-httponly.cookie-missing-httponly,util/cookie.go,48,false,"not a security use (hash for an avatar URL, cookie being deleted, serializing own data)",False,False,True,cookie being deleted
govwa,go,vulnerable,go.lang.security.audit.net.cookie-missing-secure.cookie-missing-secure,util/cookie.go,48,false,"not a security use (hash for an avatar URL, cookie being deleted, serializing own data)",False,False,True,cookie being deleted
govwa,go,vulnerable,go.lang.security.audit.database.string-formatted-query.string-formatted-query,util/database/database.go,24,false,"value comes from the app's own config, constants, or allowlist, not a visitor",False,False,True,database name from config
govwa,go,vulnerable,go.lang.security.audit.sqli.gosql-sqli.gosql-sqli,util/database/database.go,24,false,"value comes from the app's own config, constants, or allowlist, not a visitor",False,False,True,database name from config
govwa,go,vulnerable,go.lang.security.audit.xss.no-direct-write-to-responsewriter.no-direct-write-to-responsewriter,util/template.go,35,false,framework or template engine already escapes or protects it,False,False,False,JSON-marshalled body with application/json
govwa,go,vulnerable,go.lang.security.audit.xss.template-html-does-not-escape.unsafe-template-type,util/template.go,45,true,,False,False,False,
govwa,go,vulnerable,go.lang.security.audit.crypto.use_of_weak_crypto.use-of-md5,vulnerability/csa/csa.go,62,unsure,,False,False,False,md5 of a user id for an IDOR/CSA lesson; not clearly a security use
govwa,go,vulnerable,go.lang.security.audit.crypto.use_of_weak_crypto.use-of-md5,vulnerability/idor/idor.go,164,unsure,,False,False,False,md5 of a user id for an IDOR/CSA lesson; not clearly a security use
govwa,go,vulnerable,go.lang.security.audit.database.string-formatted-query.string-formatted-query,vulnerability/sqli/function.go,37,true,,False,False,False,
govwa,go,vulnerable,go.lang.security.audit.net.formatted-template-string.formatted-template-string,vulnerability/xss/xss.go,52,true,,False,False,True,
govwa,go,vulnerable,go.lang.security.injection.raw-html-format.raw-html-format,vulnerability/xss/xss.go,52,true,,False,False,True,
govwa,go,vulnerable,go.lang.security.audit.net.formatted-template-string.formatted-template-string,vulnerability/xss/xss.go,53,true,,False,False,False,
govwa,go,vulnerable,go.lang.security.audit.xss.template-html-does-not-escape.unsafe-template-type,vulnerability/xss/xss.go,58,true,,False,False,False,
govwa,go,vulnerable,go.lang.security.audit.xss.template-html-does-not-escape.unsafe-template-type,vulnerability/xss/xss.go,59,true,,False,False,False,
govwa,go,vulnerable,go.lang.security.audit.net.formatted-template-string.formatted-template-string,vulnerability/xss/xss.go,61,true,,False,False,True,
govwa,go,vulnerable,go.lang.security.injection.raw-html-format.raw-html-format,vulnerability/xss/xss.go,61,true,,False,False,True,
govwa,go,vulnerable,go.lang.security.audit.xss.template-html-does-not-escape.unsafe-template-type,vulnerability/xss/xss.go,62,true,,False,False,False,
govwa,go,vulnerable,go.lang.security.audit.xss.template-html-does-not-escape.unsafe-template-type,vulnerability/xss/xss.go,63,true,,False,False,False,
govwa,go,vulnerable,go.lang.security.audit.net.formatted-template-string.formatted-template-string,vulnerability/xss/xss.go,96,true,,False,False,True,
govwa,go,vulnerable,go.lang.security.injection.raw-html-format.raw-html-format,vulnerability/xss/xss.go,96,true,,False,False,True,
govwa,go,vulnerable,go.lang.security.audit.xss.template-html-does-not-escape.unsafe-template-type,vulnerability/xss/xss.go,100,true,,False,False,False,
rails-realworld,ruby,clean,ruby.lang.security.missing-csrf-protection.missing-csrf-protection,app/controllers/application_controller.rb,1,false,rule misfire (the protection is present on the flagged lines),False,False,False,protect_from_forgery with: :null_session is present; JSON API with JWT header
railsgoat,ruby,vulnerable,javascript.browser.security.insecure-document-method.insecure-document-method,app/assets/images/fonts/lte-ie7.js,6,false,third-party library or minified/obfuscated file kept in the app,False,False,True,icon-font helper generated by IcoMoon; entity from a fixed map
railsgoat,ruby,vulnerable,javascript.browser.security.insecure-innerhtml.insecure-innerhtml,app/assets/images/fonts/lte-ie7.js,6,false,third-party library or minified/obfuscated file kept in the app,False,False,True,icon-font helper generated by IcoMoon; entity from a fixed map
railsgoat,ruby,vulnerable,javascript.lang.security.audit.unsafe-dynamic-method.unsafe-dynamic-method,app/assets/javascripts/bootstrap-colorpicker.js,356,false,third-party library or minified/obfuscated file kept in the app,True,False,False,
railsgoat,ruby,vulnerable,javascript.jquery.security.audit.prohibit-jquery-html.prohibit-jquery-html,app/assets/javascripts/bootstrap-editable.min.js,5,false,third-party library or minified/obfuscated file kept in the app,True,False,True,
railsgoat,ruby,vulnerable,javascript.jquery.security.audit.prohibit-jquery-html.prohibit-jquery-html,app/assets/javascripts/bootstrap-editable.min.js,5,false,third-party library or minified/obfuscated file kept in the app,True,False,True,
railsgoat,ruby,vulnerable,javascript.jquery.security.audit.prohibit-jquery-html.prohibit-jquery-html,app/assets/javascripts/bootstrap-editable.min.js,5,false,third-party library or minified/obfuscated file kept in the app,True,False,True,
railsgoat,ruby,vulnerable,javascript.jquery.security.audit.prohibit-jquery-html.prohibit-jquery-html,app/assets/javascripts/bootstrap-editable.min.js,5,false,third-party library or minified/obfuscated file kept in the app,True,False,True,
railsgoat,ruby,vulnerable,javascript.lang.security.audit.detect-non-literal-regexp.detect-non-literal-regexp,app/assets/javascripts/bootstrap-editable.min.js,5,false,third-party library or minified/obfuscated file kept in the app,True,False,True,
railsgoat,ruby,vulnerable,javascript.jquery.security.audit.prohibit-jquery-html.prohibit-jquery-html,app/assets/javascripts/bootstrap-editable.min.js,5,false,third-party library or minified/obfuscated file kept in the app,True,False,True,
railsgoat,ruby,vulnerable,javascript.jquery.security.audit.prohibit-jquery-html.prohibit-jquery-html,app/assets/javascripts/bootstrap-editable.min.js,5,false,third-party library or minified/obfuscated file kept in the app,True,False,True,
railsgoat,ruby,vulnerable,javascript.lang.security.audit.detect-non-literal-regexp.detect-non-literal-regexp,app/assets/javascripts/bootstrap-editable.min.js,5,false,third-party library or minified/obfuscated file kept in the app,True,False,True,
railsgoat,ruby,vulnerable,javascript.lang.security.audit.unsafe-dynamic-method.unsafe-dynamic-method,app/assets/javascripts/bootstrap-editable.min.js,5,false,third-party library or minified/obfuscated file kept in the app,True,False,True,
railsgoat,ruby,vulnerable,javascript.jquery.security.audit.prohibit-jquery-html.prohibit-jquery-html,app/assets/javascripts/bootstrap-editable.min.js,5,false,third-party library or minified/obfuscated file kept in the app,True,False,True,
railsgoat,ruby,vulnerable,javascript.lang.security.audit.unsafe-dynamic-method.unsafe-dynamic-method,app/assets/javascripts/bootstrap-editable.min.js,5,false,third-party library or minified/obfuscated file kept in the app,True,False,True,
railsgoat,ruby,vulnerable,javascript.lang.security.audit.unsafe-dynamic-method.unsafe-dynamic-method,app/assets/javascripts/bootstrap-editable.min.js,5,false,third-party library or minified/obfuscated file kept in the app,True,False,True,
railsgoat,ruby,vulnerable,javascript.jquery.security.audit.prohibit-jquery-html.prohibit-jquery-html,app/assets/javascripts/bootstrap-editable.min.js,5,false,third-party library or minified/obfuscated file kept in the app,True,False,True,
railsgoat,ruby,vulnerable,javascript.jquery.security.audit.prohibit-jquery-html.prohibit-jquery-html,app/assets/javascripts/bootstrap-editable.min.js,5,false,third-party library or minified/obfuscated file kept in the app,True,False,True,
railsgoat,ruby,vulnerable,javascript.jquery.security.audit.prohibit-jquery-html.prohibit-jquery-html,app/assets/javascripts/bootstrap-editable.min.js,5,false,third-party library or minified/obfuscated file kept in the app,True,False,True,
railsgoat,ruby,vulnerable,javascript.lang.security.audit.detect-redos.detect-redos,app/assets/javascripts/bootstrap-editable.min.js,5,false,third-party library or minified/obfuscated file kept in the app,True,False,True,
railsgoat,ruby,vulnerable,javascript.lang.security.audit.unsafe-dynamic-method.unsafe-dynamic-method,app/assets/javascripts/bootstrap-editable.min.js,5,false,third-party library or minified/obfuscated file kept in the app,True,False,True,
railsgoat,ruby,vulnerable,javascript.jquery.security.audit.prohibit-jquery-html.prohibit-jquery-html,app/assets/javascripts/bootstrap-editable.min.js,5,false,third-party library or minified/obfuscated file kept in the app,True,False,True,
railsgoat,ruby,vulnerable,javascript.jquery.security.audit.prohibit-jquery-html.prohibit-jquery-html,app/assets/javascripts/bootstrap-editable.min.js,5,false,third-party library or minified/obfuscated file kept in the app,True,False,True,
railsgoat,ruby,vulnerable,generic.secrets.security.detected-generic-api-key.detected-generic-api-key,app/assets/javascripts/bootstrap-image-gallery-main.js,61,false,third-party library or minified/obfuscated file kept in the app,True,False,False,
railsgoat,ruby,vulnerable,javascript.lang.security.audit.unsafe-dynamic-method.unsafe-dynamic-method,app/assets/javascripts/bootstrap-timepicker.js,158,false,third-party library or minified/obfuscated file kept in the app,True,False,False,
railsgoat,ruby,vulnerable,javascript.lang.security.audit.unsafe-dynamic-method.unsafe-dynamic-method,app/assets/javascripts/bootstrap-timepicker.js,784,false,third-party library or minified/obfuscated file kept in the app,True,False,False,
railsgoat,ruby,vulnerable,javascript.lang.security.audit.unsafe-dynamic-method.unsafe-dynamic-method,app/assets/javascripts/bootstrap.js,264,false,third-party library or minified/obfuscated file kept in the app,True,False,False,
railsgoat,ruby,vulnerable,javascript.lang.security.audit.unsafe-dynamic-method.unsafe-dynamic-method,app/assets/javascripts/bootstrap.js,599,false,third-party library or minified/obfuscated file kept in the app,True,False,False,
railsgoat,ruby,vulnerable,javascript.lang.security.audit.unsafe-dynamic-method.unsafe-dynamic-method,app/assets/javascripts/bootstrap.js,749,false,third-party library or minified/obfuscated file kept in the app,True,False,False,
railsgoat,ruby,vulnerable,javascript.lang.security.audit.unsafe-dynamic-method.unsafe-dynamic-method,app/assets/javascripts/bootstrap.js,848,false,third-party library or minified/obfuscated file kept in the app,True,False,False,
railsgoat,ruby,vulnerable,javascript.lang.security.audit.unsafe-dynamic-method.unsafe-dynamic-method,app/assets/javascripts/bootstrap.js,860,false,third-party library or minified/obfuscated file kept in the app,True,False,False,
railsgoat,ruby,vulnerable,javascript.lang.security.audit.unsafe-dynamic-method.unsafe-dynamic-method,app/assets/javascripts/bootstrap.js,1017,false,third-party library or minified/obfuscated file kept in the app,True,False,False,
railsgoat,ruby,vulnerable,javascript.lang.security.audit.unsafe-dynamic-method.unsafe-dynamic-method,app/assets/javascripts/bootstrap.js,1039,false,third-party library or minified/obfuscated file kept in the app,True,False,False,
railsgoat,ruby,vulnerable,javascript.lang.security.audit.unsafe-dynamic-method.unsafe-dynamic-method,app/assets/javascripts/bootstrap.js,1157,false,third-party library or minified/obfuscated file kept in the app,True,False,False,
railsgoat,ruby,vulnerable,javascript.lang.security.audit.unsafe-dynamic-method.unsafe-dynamic-method,app/assets/javascripts/bootstrap.js,1258,false,third-party library or minified/obfuscated file kept in the app,True,False,False,
railsgoat,ruby,vulnerable,javascript.lang.security.audit.unsafe-dynamic-method.unsafe-dynamic-method,app/assets/javascripts/bootstrap.js,1568,false,third-party library or minified/obfuscated file kept in the app,True,False,False,
railsgoat,ruby,vulnerable,javascript.lang.security.audit.unsafe-dynamic-method.unsafe-dynamic-method,app/assets/javascripts/bootstrap.js,1570,false,third-party library or minified/obfuscated file kept in the app,True,False,False,
railsgoat,ruby,vulnerable,javascript.lang.security.audit.unsafe-dynamic-method.unsafe-dynamic-method,app/assets/javascripts/bootstrap.js,1577,false,third-party library or minified/obfuscated file kept in the app,True,False,False,
railsgoat,ruby,vulnerable,javascript.lang.security.audit.unsafe-dynamic-method.unsafe-dynamic-method,app/assets/javascripts/bootstrap.js,1579,false,third-party library or minified/obfuscated file kept in the app,True,False,False,
railsgoat,ruby,vulnerable,javascript.lang.security.audit.unsafe-dynamic-method.unsafe-dynamic-method,app/assets/javascripts/bootstrap.js,1585,false,third-party library or minified/obfuscated file kept in the app,True,False,False,
railsgoat,ruby,vulnerable,javascript.lang.security.audit.unsafe-dynamic-method.unsafe-dynamic-method,app/assets/javascripts/bootstrap.js,1609,false,third-party library or minified/obfuscated file kept in the app,True,False,False,
railsgoat,ruby,vulnerable,javascript.lang.security.audit.unsafe-dynamic-method.unsafe-dynamic-method,app/assets/javascripts/bootstrap.js,1634,false,third-party library or minified/obfuscated file kept in the app,True,False,False,
railsgoat,ruby,vulnerable,javascript.lang.security.audit.unsafe-dynamic-method.unsafe-dynamic-method,app/assets/javascripts/bootstrap.js,1758,false,third-party library or minified/obfuscated file kept in the app,True,False,False,
railsgoat,ruby,vulnerable,javascript.lang.security.audit.unsafe-dynamic-method.unsafe-dynamic-method,app/assets/javascripts/bootstrap.js,1820,false,third-party library or minified/obfuscated file kept in the app,True,False,False,
railsgoat,ruby,vulnerable,javascript.jquery.security.audit.prohibit-jquery-html.prohibit-jquery-html,app/assets/javascripts/bootstrap.js,1994,false,third-party library or minified/obfuscated file kept in the app,True,False,False,
railsgoat,ruby,vulnerable,javascript.jquery.security.audit.prohibit-jquery-html.prohibit-jquery-html,app/assets/javascripts/bootstrap.js,1999,false,third-party library or minified/obfuscated file kept in the app,True,False,False,
railsgoat,ruby,vulnerable,javascript.lang.security.audit.unsafe-dynamic-method.unsafe-dynamic-method,app/assets/javascripts/bootstrap.js,2141,false,third-party library or minified/obfuscated file kept in the app,True,False,False,
railsgoat,ruby,vulnerable,javascript.lang.security.audit.unsafe-dynamic-method.unsafe-dynamic-method,app/assets/javascripts/date-picker/date.js,65,false,third-party library or minified/obfuscated file kept in the app,True,False,False,
railsgoat,ruby,vulnerable,javascript.lang.security.audit.detect-non-literal-regexp.detect-non-literal-regexp,app/assets/javascripts/date-picker/date.js,70,false,third-party library or minified/obfuscated file kept in the app,True,False,True,
railsgoat,ruby,vulnerable,javascript.lang.security.audit.detect-non-literal-regexp.detect-non-literal-regexp,app/assets/javascripts/date-picker/date.js,70,false,third-party library or minified/obfuscated file kept in the app,True,False,True,
railsgoat,ruby,vulnerable,javascript.lang.security.audit.unsafe-dynamic-method.unsafe-dynamic-method,app/assets/javascripts/date-picker/date.js,121,false,third-party library or minified/obfuscated file kept in the app,True,False,False,
railsgoat,ruby,vulnerable,javascript.lang.security.audit.unsafe-dynamic-method.unsafe-dynamic-method,app/assets/javascripts/date-picker/date.js,133,false,third-party library or minified/obfuscated file kept in the app,True,False,False,
railsgoat,ruby,vulnerable,javascript.jquery.security.audit.prohibit-jquery-html.prohibit-jquery-html,app/assets/javascripts/date-picker/daterangepicker.js,543,false,third-party library or minified/obfuscated file kept in the app,True,False,False,
railsgoat,ruby,vulnerable,javascript.jquery.security.audit.prohibit-jquery-html.prohibit-jquery-html,app/assets/javascripts/date-picker/daterangepicker.js,544,false,third-party library or minified/obfuscated file kept in the app,True,False,False,
railsgoat,ruby,vulnerable,javascript.lang.security.audit.unsafe-dynamic-method.unsafe-dynamic-method,app/assets/javascripts/fullcalendar.min.js,6,false,third-party library or minified/obfuscated file kept in the app,True,False,True,
railsgoat,ruby,vulnerable,javascript.lang.security.audit.unsafe-dynamic-method.unsafe-dynamic-method,app/assets/javascripts/fullcalendar.min.js,6,false,third-party library or minified/obfuscated file kept in the app,True,False,True,
railsgoat,ruby,vulnerable,javascript.lang.security.audit.unsafe-dynamic-method.unsafe-dynamic-method,app/assets/javascripts/fullcalendar.min.js,9,false,third-party library or minified/obfuscated file kept in the app,True,False,False,
railsgoat,ruby,vulnerable,javascript.jquery.security.audit.prohibit-jquery-html.prohibit-jquery-html,app/assets/javascripts/fullcalendar.min.js,10,false,third-party library or minified/obfuscated file kept in the app,True,False,True,
railsgoat,ruby,vulnerable,javascript.jquery.security.audit.prohibit-jquery-html.prohibit-jquery-html,app/assets/javascripts/fullcalendar.min.js,10,false,third-party library or minified/obfuscated file kept in the app,True,False,True,
railsgoat,ruby,vulnerable,javascript.jquery.security.audit.prohibit-jquery-html.prohibit-jquery-html,app/assets/javascripts/fullcalendar.min.js,10,false,third-party library or minified/obfuscated file kept in the app,True,False,True,
railsgoat,ruby,vulnerable,javascript.jquery.security.audit.prohibit-jquery-html.prohibit-jquery-html,app/assets/javascripts/fullcalendar.min.js,11,false,third-party library or minified/obfuscated file kept in the app,True,False,True,
railsgoat,ruby,vulnerable,javascript.jquery.security.audit.prohibit-jquery-html.prohibit-jquery-html,app/assets/javascripts/fullcalendar.min.js,11,false,third-party library or minified/obfuscated file kept in the app,True,False,True,
railsgoat,ruby,vulnerable,javascript.jquery.security.audit.prohibit-jquery-html.prohibit-jquery-html,app/assets/javascripts/fullcalendar.min.js,11,false,third-party library or minified/obfuscated file kept in the app,True,False,True,
railsgoat,ruby,vulnerable,javascript.jquery.security.audit.prohibit-jquery-html.prohibit-jquery-html,app/assets/javascripts/fullcalendar.min.js,11,false,third-party library or minified/obfuscated file kept in the app,True,False,True,
railsgoat,ruby,vulnerable,javascript.jquery.security.audit.prohibit-jquery-html.prohibit-jquery-html,app/assets/javascripts/fullcalendar.min.js,11,false,third-party library or minified/obfuscated file kept in the app,True,False,True,
railsgoat,ruby,vulnerable,javascript.jquery.security.audit.prohibit-jquery-html.prohibit-jquery-html,app/assets/javascripts/fullcalendar.min.js,11,false,third-party library or minified/obfuscated file kept in the app,True,False,True,
railsgoat,ruby,vulnerable,javascript.lang.security.audit.unsafe-dynamic-method.unsafe-dynamic-method,app/assets/javascripts/jquery.bootstrap.wizard.js,193,false,third-party library or minified/obfuscated file kept in the app,True,False,False,
railsgoat,ruby,vulnerable,javascript.lang.security.audit.unsafe-dynamic-method.unsafe-dynamic-method,app/assets/javascripts/jquery.dataTables.min.js,21,false,third-party library or minified/obfuscated file kept in the app,True,False,False,
railsgoat,ruby,vulnerable,javascript.browser.security.insecure-document-method.insecure-document-method,app/assets/javascripts/jquery.dataTables.min.js,22,false,third-party library or minified/obfuscated file kept in the app,True,False,True,
railsgoat,ruby,vulnerable,javascript.browser.security.insecure-innerhtml.insecure-innerhtml,app/assets/javascripts/jquery.dataTables.min.js,22,false,third-party library or minified/obfuscated file kept in the app,True,False,True,
railsgoat,ruby,vulnerable,javascript.browser.security.insecure-document-method.insecure-document-method,app/assets/javascripts/jquery.dataTables.min.js,24,false,third-party library or minified/obfuscated file kept in the app,True,False,True,
railsgoat,ruby,vulnerable,javascript.browser.security.insecure-innerhtml.insecure-innerhtml,app/assets/javascripts/jquery.dataTables.min.js,24,false,third-party library or minified/obfuscated file kept in the app,True,False,True,
railsgoat,ruby,vulnerable,javascript.jquery.security.audit.prohibit-jquery-html.prohibit-jquery-html,app/assets/javascripts/jquery.dataTables.min.js,26,false,third-party library or minified/obfuscated file kept in the app,True,False,False,
railsgoat,ruby,vulnerable,javascript.jquery.security.audit.prohibit-jquery-html.prohibit-jquery-html,app/assets/javascripts/jquery.dataTables.min.js,30,false,third-party library or minified/obfuscated file kept in the app,True,False,False,
railsgoat,ruby,vulnerable,javascript.lang.security.audit.incomplete-sanitization.incomplete-sanitization,app/assets/javascripts/jquery.dataTables.min.js,44,false,third-party library or minified/obfuscated file kept in the app,True,False,True,
railsgoat,ruby,vulnerable,javascript.lang.security.audit.detect-non-literal-regexp.detect-non-literal-regexp,app/assets/javascripts/jquery.dataTables.min.js,44,false,third-party library or minified/obfuscated file kept in the app,True,False,True,
railsgoat,ruby,vulnerable,javascript.lang.security.audit.unsafe-dynamic-method.unsafe-dynamic-method,app/assets/javascripts/jquery.dataTables.min.js,45,false,third-party library or minified/obfuscated file kept in the app,True,False,False,
railsgoat,ruby,vulnerable,javascript.jquery.security.audit.prohibit-jquery-html.prohibit-jquery-html,app/assets/javascripts/jquery.dataTables.min.js,47,false,third-party library or minified/obfuscated file kept in the app,True,False,False,
railsgoat,ruby,vulnerable,javascript.jquery.security.audit.prohibit-jquery-html.prohibit-jquery-html,app/assets/javascripts/jquery.dataTables.min.js,52,false,third-party library or minified/obfuscated file kept in the app,True,False,False,
railsgoat,ruby,vulnerable,javascript.browser.security.insecure-document-method.insecure-document-method,app/assets/javascripts/jquery.dataTables.min.js,58,false,third-party library or minified/obfuscated file kept in the app,True,False,True,
railsgoat,ruby,vulnerable,javascript.browser.security.insecure-innerhtml.insecure-innerhtml,app/assets/javascripts/jquery.dataTables.min.js,58,false,third-party library or minified/obfuscated file kept in the app,True,False,True,
railsgoat,ruby,vulnerable,javascript.browser.security.insecure-document-method.insecure-document-method,app/assets/javascripts/jquery.dataTables.min.js,58,false,third-party library or minified/obfuscated file kept in the app,True,False,True,
railsgoat,ruby,vulnerable,javascript.browser.security.insecure-innerhtml.insecure-innerhtml,app/assets/javascripts/jquery.dataTables.min.js,58,false,third-party library or minified/obfuscated file kept in the app,True,False,True,
railsgoat,ruby,vulnerable,javascript.jquery.security.audit.prohibit-jquery-html.prohibit-jquery-html,app/assets/javascripts/jquery.dataTables.min.js,64,false,third-party library or minified/obfuscated file kept in the app,True,False,False,
railsgoat,ruby,vulnerable,javascript.lang.security.audit.unsafe-dynamic-method.unsafe-dynamic-method,app/assets/javascripts/jquery.dataTables.min.js,109,false,third-party library or minified/obfuscated file kept in the app,True,False,False,
railsgoat,ruby,vulnerable,javascript.jquery.security.audit.prohibit-jquery-html.prohibit-jquery-html,app/assets/javascripts/jquery.dataTables.min.js,119,false,third-party library or minified/obfuscated file kept in the app,True,False,False,
railsgoat,ruby,vulnerable,javascript.lang.security.audit.unsafe-dynamic-method.unsafe-dynamic-method,app/assets/javascripts/jquery.dataTables.min.js,139,false,third-party library or minified/obfuscated file kept in the app,True,False,False,
railsgoat,ruby,vulnerable,javascript.jquery.security.audit.prohibit-jquery-html.prohibit-jquery-html,app/assets/javascripts/jquery.dataTables.min.js,154,false,third-party library or minified/obfuscated file kept in the app,True,False,False,
railsgoat,ruby,vulnerable,javascript.lang.security.audit.unsafe-dynamic-method.unsafe-dynamic-method,app/assets/javascripts/jquery.min.js,2,false,third-party library or minified/obfuscated file kept in the app,True,False,True,
railsgoat,ruby,vulnerable,javascript.lang.security.audit.unsafe-dynamic-method.unsafe-dynamic-method,app/assets/javascripts/jquery.min.js,2,false,third-party library or minified/obfuscated file kept in the app,True,False,True,
railsgoat,ruby,vulnerable,javascript.lang.security.audit.unsafe-dynamic-method.unsafe-dynamic-method,app/assets/javascripts/jquery.min.js,2,false,third-party library or minified/obfuscated file kept in the app,True,False,True,
railsgoat,ruby,vulnerable,javascript.lang.security.audit.unsafe-dynamic-method.unsafe-dynamic-method,app/assets/javascripts/jquery.min.js,2,false,third-party library or minified/obfuscated file kept in the app,True,False,True,
railsgoat,ruby,vulnerable,javascript.lang.security.audit.unsafe-dynamic-method.unsafe-dynamic-method,app/assets/javascripts/jquery.min.js,2,false,third-party library or minified/obfuscated file kept in the app,True,False,True,
railsgoat,ruby,vulnerable,javascript.lang.security.audit.unsafe-dynamic-method.unsafe-dynamic-method,app/assets/javascripts/jquery.min.js,2,false,third-party library or minified/obfuscated file kept in the app,True,False,True,
railsgoat,ruby,vulnerable,javascript.lang.security.audit.unsafe-dynamic-method.unsafe-dynamic-method,app/assets/javascripts/jquery.min.js,2,false,third-party library or minified/obfuscated file kept in the app,True,False,True,
railsgoat,ruby,vulnerable,javascript.lang.security.audit.unsafe-dynamic-method.unsafe-dynamic-method,app/assets/javascripts/jquery.min.js,2,false,third-party library or minified/obfuscated file kept in the app,True,False,True,
railsgoat,ruby,vulnerable,javascript.jquery.security.audit.prohibit-jquery-html.prohibit-jquery-html,app/assets/javascripts/jquery.min.js,2,false,third-party library or minified/obfuscated file kept in the app,True,False,True,
railsgoat,ruby,vulnerable,javascript.lang.security.audit.unsafe-dynamic-method.unsafe-dynamic-method,app/assets/javascripts/jquery.min.js,2,false,third-party library or minified/obfuscated file kept in the app,True,False,True,
railsgoat,ruby,vulnerable,javascript.lang.security.audit.unsafe-dynamic-method.unsafe-dynamic-method,app/assets/javascripts/jquery.min.js,2,false,third-party library or minified/obfuscated file kept in the app,True,False,True,
railsgoat,ruby,vulnerable,javascript.lang.security.audit.unsafe-dynamic-method.unsafe-dynamic-method,app/assets/javascripts/jquery.min.js,2,false,third-party library or minified/obfuscated file kept in the app,True,False,True,
railsgoat,ruby,vulnerable,javascript.lang.security.audit.unsafe-dynamic-method.unsafe-dynamic-method,app/assets/javascripts/jquery.min.js,2,false,third-party library or minified/obfuscated file kept in the app,True,False,True,
railsgoat,ruby,vulnerable,javascript.jquery.security.audit.prohibit-jquery-html.prohibit-jquery-html,app/assets/javascripts/jquery.snippet.js,110,false,third-party library or minified/obfuscated file kept in the app,True,False,False,
railsgoat,ruby,vulnerable,javascript.browser.security.raw-html-concat.raw-html-concat,app/assets/javascripts/jquery.snippet.js,402,false,third-party library or minified/obfuscated file kept in the app,True,False,False,
railsgoat,ruby,vulnerable,javascript.lang.security.audit.detect-non-literal-regexp.detect-non-literal-regexp,app/assets/javascripts/jquery.snippet.js,446,false,third-party library or minified/obfuscated file kept in the app,True,False,False,
railsgoat,ruby,vulnerable,javascript.browser.security.insecure-document-method.insecure-document-method,app/assets/javascripts/jquery.snippet.js,556,false,third-party library or minified/obfuscated file kept in the app,True,False,True,
railsgoat,ruby,vulnerable,javascript.browser.security.insecure-innerhtml.insecure-innerhtml,app/assets/javascripts/jquery.snippet.js,556,false,third-party library or minified/obfuscated file kept in the app,True,False,True,
railsgoat,ruby,vulnerable,javascript.browser.security.eval-detected.eval-detected,app/assets/javascripts/jquery.snippet.js,737,false,third-party library or minified/obfuscated file kept in the app,True,False,False,
railsgoat,ruby,vulnerable,javascript.lang.security.audit.detect-non-literal-regexp.detect-non-literal-regexp,app/assets/javascripts/jquery.validate.min.js,4,false,third-party library or minified/obfuscated file kept in the app,True,False,True,
railsgoat,ruby,vulnerable,javascript.lang.security.audit.unsafe-formatstring.unsafe-formatstring,app/assets/javascripts/jquery.validate.min.js,4,false,third-party library or minified/obfuscated file kept in the app,True,False,True,
railsgoat,ruby,vulnerable,javascript.jquery.security.audit.prohibit-jquery-html.prohibit-jquery-html,app/assets/javascripts/jquery.validate.min.js,4,false,third-party library or minified/obfuscated file kept in the app,True,False,True,
railsgoat,ruby,vulnerable,javascript.jquery.security.audit.prohibit-jquery-html.prohibit-jquery-html,app/assets/javascripts/jquery.validate.min.js,4,false,third-party library or minified/obfuscated file kept in the app,True,False,True,
railsgoat,ruby,vulnerable,javascript.lang.security.audit.detect-non-literal-regexp.detect-non-literal-regexp,app/assets/javascripts/jquery.validate.min.js,4,false,third-party library or minified/obfuscated file kept in the app,True,False,True,
railsgoat,ruby,vulnerable,javascript.lang.security.audit.detect-non-literal-regexp.detect-non-literal-regexp,app/assets/javascripts/jquery.validate.min.js,4,false,third-party library or minified/obfuscated file kept in the app,True,False,True,
railsgoat,ruby,vulnerable,javascript.lang.security.audit.detect-non-literal-regexp.detect-non-literal-regexp,app/assets/javascripts/jquery.validate.min.js,4,false,third-party library or minified/obfuscated file kept in the app,True,False,True,
railsgoat,ruby,vulnerable,javascript.lang.security.audit.unsafe-dynamic-method.unsafe-dynamic-method,app/assets/javascripts/jquery.validate.min.js,4,false,third-party library or minified/obfuscated file kept in the app,True,False,True,
railsgoat,ruby,vulnerable,javascript.lang.security.audit.detect-redos.detect-redos,app/assets/javascripts/jquery.validate.min.js,4,false,third-party library or minified/obfuscated file kept in the app,True,False,True,
railsgoat,ruby,vulnerable,javascript.lang.security.audit.detect-non-literal-regexp.detect-non-literal-regexp,app/assets/javascripts/jquery.validate.min.js,4,false,third-party library or minified/obfuscated file kept in the app,True,False,True,
railsgoat,ruby,vulnerable,javascript.lang.security.audit.detect-non-literal-regexp.detect-non-literal-regexp,app/assets/javascripts/jquery.validate.min.js,4,false,third-party library or minified/obfuscated file kept in the app,True,False,True,
railsgoat,ruby,vulnerable,javascript.lang.security.audit.unsafe-dynamic-method.unsafe-dynamic-method,app/assets/javascripts/jsapi.js,17,false,third-party library or minified/obfuscated file kept in the app,True,False,False,
railsgoat,ruby,vulnerable,javascript.lang.security.audit.unsafe-dynamic-method.unsafe-dynamic-method,app/assets/javascripts/jsapi.js,18,false,third-party library or minified/obfuscated file kept in the app,True,False,False,
railsgoat,ruby,vulnerable,javascript.lang.security.audit.unsafe-dynamic-method.unsafe-dynamic-method,app/assets/javascripts/jsapi.js,19,false,third-party library or minified/obfuscated file kept in the app,True,False,True,
railsgoat,ruby,vulnerable,javascript.lang.security.audit.unsafe-dynamic-method.unsafe-dynamic-method,app/assets/javascripts/jsapi.js,19,false,third-party library or minified/obfuscated file kept in the app,True,False,True,
railsgoat,ruby,vulnerable,javascript.lang.security.audit.unsafe-dynamic-method.unsafe-dynamic-method,app/assets/javascripts/jsapi.js,20,false,third-party library or minified/obfuscated file kept in the app,True,False,True,
railsgoat,ruby,vulnerable,javascript.lang.security.audit.unsafe-dynamic-method.unsafe-dynamic-method,app/assets/javascripts/jsapi.js,20,false,third-party library or minified/obfuscated file kept in the app,True,False,True,
railsgoat,ruby,vulnerable,javascript.lang.security.audit.unsafe-dynamic-method.unsafe-dynamic-method,app/assets/javascripts/jsapi.js,21,false,third-party library or minified/obfuscated file kept in the app,True,False,False,
railsgoat,ruby,vulnerable,javascript.lang.security.audit.unsafe-dynamic-method.unsafe-dynamic-method,app/assets/javascripts/jsapi.js,22,false,third-party library or minified/obfuscated file kept in the app,True,False,True,
railsgoat,ruby,vulnerable,javascript.lang.security.audit.unsafe-dynamic-method.unsafe-dynamic-method,app/assets/javascripts/jsapi.js,22,false,third-party library or minified/obfuscated file kept in the app,True,False,True,
railsgoat,ruby,vulnerable,javascript.lang.security.audit.unsafe-dynamic-method.unsafe-dynamic-method,app/assets/javascripts/jsapi.js,23,false,third-party library or minified/obfuscated file kept in the app,True,False,False,
railsgoat,ruby,vulnerable,javascript.lang.security.audit.unsafe-dynamic-method.unsafe-dynamic-method,app/assets/javascripts/jsapi.js,26,false,third-party library or minified/obfuscated file kept in the app,True,False,True,
railsgoat,ruby,vulnerable,javascript.lang.security.audit.unsafe-dynamic-method.unsafe-dynamic-method,app/assets/javascripts/jsapi.js,26,false,third-party library or minified/obfuscated file kept in the app,True,False,True,
railsgoat,ruby,vulnerable,javascript.lang.security.audit.unsafe-dynamic-method.unsafe-dynamic-method,app/assets/javascripts/jsapi.js,26,false,third-party library or minified/obfuscated file kept in the app,True,False,True,
railsgoat,ruby,vulnerable,javascript.lang.security.audit.unsafe-dynamic-method.unsafe-dynamic-method,app/assets/javascripts/jsapi.js,26,false,third-party library or minified/obfuscated file kept in the app,True,False,True,
railsgoat,ruby,vulnerable,javascript.lang.security.audit.unsafe-dynamic-method.unsafe-dynamic-method,app/assets/javascripts/jsapi.js,26,false,third-party library or minified/obfuscated file kept in the app,True,False,True,
railsgoat,ruby,vulnerable,javascript.lang.security.audit.unsafe-dynamic-method.unsafe-dynamic-method,app/assets/javascripts/jsapi.js,26,false,third-party library or minified/obfuscated file kept in the app,True,False,True,
railsgoat,ruby,vulnerable,javascript.lang.security.audit.unsafe-dynamic-method.unsafe-dynamic-method,app/assets/javascripts/jsapi.js,26,false,third-party library or minified/obfuscated file kept in the app,True,False,True,
railsgoat,ruby,vulnerable,javascript.lang.security.audit.unsafe-dynamic-method.unsafe-dynamic-method,app/assets/javascripts/jsapi.js,26,false,third-party library or minified/obfuscated file kept in the app,True,False,True,
railsgoat,ruby,vulnerable,javascript.lang.security.audit.unsafe-dynamic-method.unsafe-dynamic-method,app/assets/javascripts/jsapi.js,26,false,third-party library or minified/obfuscated file kept in the app,True,False,True,
railsgoat,ruby,vulnerable,javascript.lang.security.audit.unsafe-dynamic-method.unsafe-dynamic-method,app/assets/javascripts/jsapi.js,26,false,third-party library or minified/obfuscated file kept in the app,True,False,True,
railsgoat,ruby,vulnerable,javascript.lang.security.audit.unsafe-dynamic-method.unsafe-dynamic-method,app/assets/javascripts/jsapi.js,26,false,third-party library or minified/obfuscated file kept in the app,True,False,True,
railsgoat,ruby,vulnerable,javascript.lang.security.audit.unsafe-dynamic-method.unsafe-dynamic-method,app/assets/javascripts/jsapi.js,27,false,third-party library or minified/obfuscated file kept in the app,True,False,True,
railsgoat,ruby,vulnerable,javascript.lang.security.audit.unsafe-dynamic-method.unsafe-dynamic-method,app/assets/javascripts/jsapi.js,27,false,third-party library or minified/obfuscated file kept in the app,True,False,True,
railsgoat,ruby,vulnerable,javascript.lang.security.audit.unsafe-dynamic-method.unsafe-dynamic-method,app/assets/javascripts/jsapi.js,28,false,third-party library or minified/obfuscated file kept in the app,True,False,True,
railsgoat,ruby,vulnerable,javascript.lang.security.audit.unsafe-dynamic-method.unsafe-dynamic-method,app/assets/javascripts/jsapi.js,28,false,third-party library or minified/obfuscated file kept in the app,True,False,True,
railsgoat,ruby,vulnerable,javascript.lang.security.audit.unsafe-dynamic-method.unsafe-dynamic-method,app/assets/javascripts/jsapi.js,28,false,third-party library or minified/obfuscated file kept in the app,True,False,True,
railsgoat,ruby,vulnerable,javascript.lang.security.audit.unsafe-dynamic-method.unsafe-dynamic-method,app/assets/javascripts/jsapi.js,29,false,third-party library or minified/obfuscated file kept in the app,True,False,False,
railsgoat,ruby,vulnerable,javascript.lang.security.audit.unsafe-dynamic-method.unsafe-dynamic-method,app/assets/javascripts/jsapi.js,30,false,third-party library or minified/obfuscated file kept in the app,True,False,True,
railsgoat,ruby,vulnerable,javascript.lang.security.audit.unsafe-dynamic-method.unsafe-dynamic-method,app/assets/javascripts/jsapi.js,30,false,third-party library or minified/obfuscated file kept in the app,True,False,True,
railsgoat,ruby,vulnerable,javascript.lang.security.audit.unsafe-dynamic-method.unsafe-dynamic-method,app/assets/javascripts/jsapi.js,30,false,third-party library or minified/obfuscated file kept in the app,True,False,True,
railsgoat,ruby,vulnerable,javascript.lang.security.audit.unsafe-dynamic-method.unsafe-dynamic-method,app/assets/javascripts/jsapi.js,31,false,third-party library or minified/obfuscated file kept in the app,True,False,False,
railsgoat,ruby,vulnerable,javascript.lang.security.audit.unsafe-dynamic-method.unsafe-dynamic-method,app/assets/javascripts/jsapi.js,32,false,third-party library or minified/obfuscated file kept in the app,True,False,True,
railsgoat,ruby,vulnerable,javascript.lang.security.audit.unsafe-dynamic-method.unsafe-dynamic-method,app/assets/javascripts/jsapi.js,32,false,third-party library or minified/obfuscated file kept in the app,True,False,True,
railsgoat,ruby,vulnerable,javascript.lang.security.audit.unsafe-dynamic-method.unsafe-dynamic-method,app/assets/javascripts/jsapi.js,32,false,third-party library or minified/obfuscated file kept in the app,True,False,True,
railsgoat,ruby,vulnerable,javascript.lang.security.audit.unsafe-dynamic-method.unsafe-dynamic-method,app/assets/javascripts/jsapi.js,32,false,third-party library or minified/obfuscated file kept in the app,True,False,True,
railsgoat,ruby,vulnerable,javascript.lang.security.audit.unsafe-dynamic-method.unsafe-dynamic-method,app/assets/javascripts/jsapi.js,33,false,third-party library or minified/obfuscated file kept in the app,True,False,True,
railsgoat,ruby,vulnerable,javascript.lang.security.audit.unsafe-dynamic-method.unsafe-dynamic-method,app/assets/javascripts/jsapi.js,33,false,third-party library or minified/obfuscated file kept in the app,True,False,True,
railsgoat,ruby,vulnerable,javascript.lang.security.audit.unsafe-dynamic-method.unsafe-dynamic-method,app/assets/javascripts/jsapi.js,33,false,third-party library or minified/obfuscated file kept in the app,True,False,True,
railsgoat,ruby,vulnerable,javascript.lang.security.audit.unsafe-dynamic-method.unsafe-dynamic-method,app/assets/javascripts/jsapi.js,33,false,third-party library or minified/obfuscated file kept in the app,True,False,True,
railsgoat,ruby,vulnerable,javascript.lang.security.audit.unsafe-dynamic-method.unsafe-dynamic-method,app/assets/javascripts/jsapi.js,33,false,third-party library or minified/obfuscated file kept in the app,True,False,True,
railsgoat,ruby,vulnerable,javascript.lang.security.audit.unsafe-dynamic-method.unsafe-dynamic-method,app/assets/javascripts/jsapi.js,33,false,third-party library or minified/obfuscated file kept in the app,True,False,True,
railsgoat,ruby,vulnerable,javascript.lang.security.audit.unsafe-dynamic-method.unsafe-dynamic-method,app/assets/javascripts/jsapi.js,33,false,third-party library or minified/obfuscated file kept in the app,True,False,True,
railsgoat,ruby,vulnerable,javascript.lang.security.audit.unsafe-dynamic-method.unsafe-dynamic-method,app/assets/javascripts/jsapi.js,33,false,third-party library or minified/obfuscated file kept in the app,True,False,True,
railsgoat,ruby,vulnerable,javascript.lang.security.audit.unsafe-dynamic-method.unsafe-dynamic-method,app/assets/javascripts/jsapi.js,33,false,third-party library or minified/obfuscated file kept in the app,True,False,True,
railsgoat,ruby,vulnerable,javascript.lang.security.audit.unsafe-dynamic-method.unsafe-dynamic-method,app/assets/javascripts/jsapi.js,33,false,third-party library or minified/obfuscated file kept in the app,True,False,True,
railsgoat,ruby,vulnerable,javascript.lang.security.audit.unsafe-dynamic-method.unsafe-dynamic-method,app/assets/javascripts/jsapi.js,34,false,third-party library or minified/obfuscated file kept in the app,True,False,True,
railsgoat,ruby,vulnerable,javascript.lang.security.audit.unsafe-dynamic-method.unsafe-dynamic-method,app/assets/javascripts/jsapi.js,34,false,third-party library or minified/obfuscated file kept in the app,True,False,True,
railsgoat,ruby,vulnerable,javascript.lang.security.audit.unsafe-dynamic-method.unsafe-dynamic-method,app/assets/javascripts/jsapi.js,34,false,third-party library or minified/obfuscated file kept in the app,True,False,True,
railsgoat,ruby,vulnerable,javascript.lang.security.audit.unsafe-dynamic-method.unsafe-dynamic-method,app/assets/javascripts/jsapi.js,34,false,third-party library or minified/obfuscated file kept in the app,True,False,True,
railsgoat,ruby,vulnerable,javascript.lang.security.audit.unsafe-dynamic-method.unsafe-dynamic-method,app/assets/javascripts/jsapi.js,34,false,third-party library or minified/obfuscated file kept in the app,True,False,True,
railsgoat,ruby,vulnerable,javascript.lang.security.audit.unsafe-dynamic-method.unsafe-dynamic-method,app/assets/javascripts/moment.js,6,false,third-party library or minified/obfuscated file kept in the app,True,False,True,
railsgoat,ruby,vulnerable,javascript.lang.security.audit.detect-non-literal-require.detect-non-literal-require,app/assets/javascripts/moment.js,6,false,third-party library or minified/obfuscated file kept in the app,True,False,True,
railsgoat,ruby,vulnerable,javascript.lang.security.audit.detect-non-literal-regexp.detect-non-literal-regexp,app/assets/javascripts/moment.js,6,false,third-party library or minified/obfuscated file kept in the app,True,False,True,
railsgoat,ruby,vulnerable,javascript.lang.security.audit.detect-non-literal-regexp.detect-non-literal-regexp,app/assets/javascripts/moment.js,6,false,third-party library or minified/obfuscated file kept in the app,True,False,True,
railsgoat,ruby,vulnerable,javascript.lang.security.audit.unsafe-dynamic-method.unsafe-dynamic-method,app/assets/javascripts/moment.js,6,false,third-party library or minified/obfuscated file kept in the app,True,False,True,
railsgoat,ruby,vulnerable,javascript.lang.security.audit.detect-non-literal-regexp.detect-non-literal-regexp,app/assets/javascripts/moment.js,6,false,third-party library or minified/obfuscated file kept in the app,True,False,True,
railsgoat,ruby,vulnerable,javascript.lang.security.audit.unsafe-dynamic-method.unsafe-dynamic-method,app/assets/javascripts/moment.js,6,false,third-party library or minified/obfuscated file kept in the app,True,False,True,
railsgoat,ruby,vulnerable,javascript.lang.security.audit.unsafe-dynamic-method.unsafe-dynamic-method,app/assets/javascripts/moment.js,6,false,third-party library or minified/obfuscated file kept in the app,True,False,True,
railsgoat,ruby,vulnerable,javascript.lang.security.audit.unsafe-dynamic-method.unsafe-dynamic-method,app/assets/javascripts/moment.js,6,false,third-party library or minified/obfuscated file kept in the app,True,False,True,
railsgoat,ruby,vulnerable,javascript.lang.security.audit.unsafe-dynamic-method.unsafe-dynamic-method,app/assets/javascripts/moment.min.js,1,false,third-party library or minified/obfuscated file kept in the app,True,False,True,
railsgoat,ruby,vulnerable,javascript.lang.security.audit.unsafe-dynamic-method.unsafe-dynamic-method,app/assets/javascripts/moment.min.js,1,false,third-party library or minified/obfuscated file kept in the app,True,False,True,
railsgoat,ruby,vulnerable,javascript.lang.security.audit.unsafe-dynamic-method.unsafe-dynamic-method,app/assets/javascripts/moment.min.js,1,false,third-party library or minified/obfuscated file kept in the app,True,False,True,
railsgoat,ruby,vulnerable,javascript.lang.security.audit.detect-non-literal-regexp.detect-non-literal-regexp,app/assets/javascripts/moment.min.js,1,false,third-party library or minified/obfuscated file kept in the app,True,False,True,
railsgoat,ruby,vulnerable,javascript.lang.security.audit.unsafe-dynamic-method.unsafe-dynamic-method,app/assets/javascripts/moment.min.js,1,false,third-party library or minified/obfuscated file kept in the app,True,False,True,
railsgoat,ruby,vulnerable,javascript.lang.security.audit.unsafe-dynamic-method.unsafe-dynamic-method,app/assets/javascripts/moment.min.js,1,false,third-party library or minified/obfuscated file kept in the app,True,False,True,
railsgoat,ruby,vulnerable,javascript.lang.security.audit.unsafe-dynamic-method.unsafe-dynamic-method,app/assets/javascripts/moment.min.js,1,false,third-party library or minified/obfuscated file kept in the app,True,False,True,
railsgoat,ruby,vulnerable,javascript.lang.security.audit.unsafe-dynamic-method.unsafe-dynamic-method,app/assets/javascripts/moment.min.js,1,false,third-party library or minified/obfuscated file kept in the app,True,False,True,
railsgoat,ruby,vulnerable,javascript.lang.security.audit.detect-non-literal-require.detect-non-literal-require,app/assets/javascripts/moment.min.js,1,false,third-party library or minified/obfuscated file kept in the app,True,False,True,
railsgoat,ruby,vulnerable,javascript.lang.security.audit.unsafe-dynamic-method.unsafe-dynamic-method,app/assets/javascripts/moment.min.js,1,false,third-party library or minified/obfuscated file kept in the app,True,False,True,
railsgoat,ruby,vulnerable,javascript.lang.security.audit.unsafe-dynamic-method.unsafe-dynamic-method,app/assets/javascripts/moment.min.js,1,false,third-party library or minified/obfuscated file kept in the app,True,False,True,
railsgoat,ruby,vulnerable,javascript.lang.security.audit.unsafe-dynamic-method.unsafe-dynamic-method,app/assets/javascripts/moment.min.js,1,false,third-party library or minified/obfuscated file kept in the app,True,False,True,
railsgoat,ruby,vulnerable,javascript.lang.security.audit.unsafe-dynamic-method.unsafe-dynamic-method,app/assets/javascripts/moment.min.js,1,false,third-party library or minified/obfuscated file kept in the app,True,False,True,
railsgoat,ruby,vulnerable,javascript.lang.security.audit.unsafe-dynamic-method.unsafe-dynamic-method,app/assets/javascripts/moment.min.js,1,false,third-party library or minified/obfuscated file kept in the app,True,False,True,
railsgoat,ruby,vulnerable,javascript.lang.security.audit.unsafe-dynamic-method.unsafe-dynamic-method,app/assets/javascripts/moment.min.js,1,false,third-party library or minified/obfuscated file kept in the app,True,False,True,
railsgoat,ruby,vulnerable,javascript.lang.security.audit.detect-redos.detect-redos,app/assets/javascripts/moment.min.js,1,false,third-party library or minified/obfuscated file kept in the app,True,False,True,
railsgoat,ruby,vulnerable,javascript.lang.security.audit.unsafe-dynamic-method.unsafe-dynamic-method,app/assets/javascripts/moment.min.js,1,false,third-party library or minified/obfuscated file kept in the app,True,False,True,
railsgoat,ruby,vulnerable,ruby.rails.security.brakeman.check-unsafe-reflection.check-unsafe-reflection,app/controllers/api/v1/mobile_controller.rb,10,true,,False,False,False,
railsgoat,ruby,vulnerable,ruby.rails.security.brakeman.check-unsafe-reflection.check-unsafe-reflection,app/controllers/api/v1/mobile_controller.rb,17,true,,False,False,False,
railsgoat,ruby,vulnerable,ruby.lang.security.weak-hashes-sha1.weak-hashes-sha1,app/controllers/api/v1/users_controller.rb,42,true,,False,False,False,
railsgoat,ruby,vulnerable,ruby.lang.security.missing-csrf-protection.missing-csrf-protection,app/controllers/application_controller.rb,2,true,,False,False,False,
railsgoat,ruby,vulnerable,ruby.rails.security.brakeman.check-unsafe-reflection.check-unsafe-reflection,app/controllers/benefit_forms_controller.rb,12,true,,False,False,False,
railsgoat,ruby,vulnerable,ruby.rails.security.brakeman.check-send-file.check-send-file,app/controllers/benefit_forms_controller.rb,13,true,,False,False,False,
railsgoat,ruby,vulnerable,ruby.lang.security.bad-deserialization.bad-deserialization,app/controllers/password_resets_controller.rb,6,true,,False,False,False,
railsgoat,ruby,vulnerable,ruby.rails.security.audit.xss.avoid-html-safe.avoid-html-safe,app/controllers/password_resets_controller.rb,36,true,,False,False,False,
railsgoat,ruby,vulnerable,ruby.lang.security.weak-hashes-md5.weak-hashes-md5,app/controllers/password_resets_controller.rb,48,true,,False,False,False,
railsgoat,ruby,vulnerable,ruby.lang.security.weak-hashes-md5.weak-hashes-md5,app/controllers/password_resets_controller.rb,57,true,,False,False,False,
railsgoat,ruby,vulnerable,ruby.rails.security.audit.xss.avoid-redirect.avoid-redirect,app/controllers/sessions_controller.rb,26,true,,False,False,True,
railsgoat,ruby,vulnerable,ruby.rails.security.brakeman.check-redirect-to.check-redirect-to,app/controllers/sessions_controller.rb,26,true,,False,False,True,
railsgoat,ruby,vulnerable,ruby.rails.security.injection.tainted-sql-string.tainted-sql-string,app/controllers/users_controller.rb,29,true,,False,False,False,
railsgoat,ruby,vulnerable,ruby.lang.security.model-attr-accessible.model-attr-accessible,app/controllers/users_controller.rb,55,true,,False,False,False,
railsgoat,ruby,vulnerable,ruby.lang.security.weak-hashes-md5.weak-hashes-md5,app/models/user.rb,45,true,,False,False,False,
railsgoat,ruby,vulnerable,ruby.lang.security.weak-hashes-md5.weak-hashes-md5,app/models/user.rb,55,true,,False,False,False,
railsgoat,ruby,vulnerable,ruby.rails.security.brakeman.check-cookie-store-session-security-attributes.check-cookie-store-session-security-attributes,config/initializers/session_store.rb,4,true,,False,False,False,
railsgoat,ruby,vulnerable,ruby.lang.security.weak-hashes-md5.weak-hashes-md5,spec/vulnerabilities/password_hashing_spec.rb,19,false,test or fixture code,False,True,False,
railsgoat,ruby,vulnerable,ruby.lang.security.weak-hashes-md5.weak-hashes-md5,spec/vulnerabilities/password_hashing_spec.rb,22,false,test or fixture code,False,True,False,
laravel-realworld,php,clean,php.lang.security.injection.tainted-filename.tainted-filename,server.php,17,false,"developer or install tooling, not reachable from a request",False,False,False,Laravel's built-in dev-server shim; only file_exists under public/
dvwa,php,vulnerable,php.lang.security.injection.tainted-filename.tainted-filename,instructions.php,26,false,"value comes from the app's own config, constants, or allowlist, not a visitor",False,False,False,file name from an allowlist array
dvwa,php,vulnerable,php.lang.security.php-permissive-cors.php-permissive-cors,vulnerabilities/api/gen_openapi.php,6,false,"documentation, tutorial, sample, or dead/commented code that does not run",False,False,False,serves the public OpenAPI description
dvwa,php,vulnerable,php.lang.security.php-permissive-cors.php-permissive-cors,vulnerabilities/api/public/index.php,11,unsure,,False,False,False,ACAO * on a demo API; impact depends on credentials
dvwa,php,vulnerable,php.lang.security.injection.tainted-exec.tainted-exec,vulnerabilities/api/src/HealthController.php,88,true,,False,False,True,
dvwa,php,vulnerable,php.lang.security.exec-use.exec-use,vulnerabilities/api/src/HealthController.php,88,true,,False,False,True,
dvwa,php,vulnerable,javascript.browser.security.insecure-document-method.insecure-document-method,vulnerabilities/authbypass/authbypass.js,43,true,,False,False,True,
dvwa,php,vulnerable,javascript.browser.security.insecure-innerhtml.insecure-innerhtml,vulnerabilities/authbypass/authbypass.js,43,true,,False,False,True,
dvwa,php,vulnerable,javascript.browser.security.insecure-document-method.insecure-document-method,vulnerabilities/authbypass/authbypass.js,45,true,,False,False,True,
dvwa,php,vulnerable,javascript.browser.security.insecure-innerhtml.insecure-innerhtml,vulnerabilities/authbypass/authbypass.js,45,true,,False,False,True,
dvwa,php,vulnerable,javascript.browser.security.insecure-document-method.insecure-document-method,vulnerabilities/authbypass/authbypass.js,47,true,,False,False,True,
dvwa,php,vulnerable,javascript.browser.security.insecure-innerhtml.insecure-innerhtml,vulnerabilities/authbypass/authbypass.js,47,true,,False,False,True,
dvwa,php,vulnerable,javascript.browser.security.insecure-document-method.insecure-document-method,vulnerabilities/authbypass/authbypass.js,49,true,,False,False,True,
dvwa,php,vulnerable,javascript.browser.security.insecure-innerhtml.insecure-innerhtml,vulnerabilities/authbypass/authbypass.js,49,true,,False,False,True,
dvwa,php,vulnerable,php.lang.security.injection.tainted-sql-string.tainted-sql-string,vulnerabilities/bac/source/low.php,22,true,,False,False,False,
dvwa,php,vulnerable,php.lang.security.injection.tainted-sql-string.tainted-sql-string,vulnerabilities/bac/source/low.php,35,true,,False,False,False,
dvwa,php,vulnerable,php.lang.security.injection.tainted-sql-string.tainted-sql-string,vulnerabilities/bac/source/low.php,79,true,,False,False,False,
dvwa,php,vulnerable,php.lang.security.injection.tainted-sql-string.tainted-sql-string,vulnerabilities/bac/source/medium.php,21,true,,False,False,False,
dvwa,php,vulnerable,php.lang.security.injection.tainted-sql-string.tainted-sql-string,vulnerabilities/bac/source/medium.php,28,true,,False,False,False,
dvwa,php,vulnerable,php.lang.security.injection.tainted-sql-string.tainted-sql-string,vulnerabilities/bac/source/medium.php,71,true,,False,False,False,
dvwa,php,vulnerable,php.lang.security.injection.tainted-sql-string.tainted-sql-string,vulnerabilities/brute/source/low.php,12,true,,False,False,False,
dvwa,php,vulnerable,javascript.browser.security.insecure-document-method.insecure-document-method,vulnerabilities/csp/source/high.js,9,false,"value comes from the app's own config, constants, or allowlist, not a visitor",False,False,True,answer comes from the server's fixed JSONP response
dvwa,php,vulnerable,javascript.browser.security.insecure-innerhtml.insecure-innerhtml,vulnerabilities/csp/source/high.js,9,false,"value comes from the app's own config, constants, or allowlist, not a visitor",False,False,True,answer comes from the server's fixed JSONP response
dvwa,php,vulnerable,javascript.browser.security.insecure-document-method.insecure-document-method,vulnerabilities/csp/source/impossible.js,9,false,"value comes from the app's own config, constants, or allowlist, not a visitor",False,False,True,answer comes from the server's fixed JSONP response
dvwa,php,vulnerable,javascript.browser.security.insecure-innerhtml.insecure-innerhtml,vulnerabilities/csp/source/impossible.js,9,false,"value comes from the app's own config, constants, or allowlist, not a visitor",False,False,True,answer comes from the server's fixed JSONP response
dvwa,php,vulnerable,php.lang.security.injection.echoed-request.echoed-request,vulnerabilities/csp/source/jsonp.php,12,true,,False,False,False,
dvwa,php,vulnerable,generic.secrets.gitleaks.generic-api-key.generic-api-key,vulnerabilities/csrf/help/help.php,54,false,"documentation, tutorial, sample, or dead/commented code that does not run",False,False,False,example token in a help page
dvwa,php,vulnerable,php.lang.security.exec-use.exec-use,vulnerabilities/exec/source/high.php,26,true,,False,False,True,
dvwa,php,vulnerable,php.lang.security.injection.tainted-exec.tainted-exec,vulnerabilities/exec/source/high.php,26,true,,False,False,True,
dvwa,php,vulnerable,php.lang.security.tainted-exec.tainted-exec,vulnerabilities/exec/source/high.php,26,true,,False,False,True,
dvwa,php,vulnerable,php.lang.security.exec-use.exec-use,vulnerabilities/exec/source/high.php,30,true,,False,False,True,
dvwa,php,vulnerable,php.lang.security.injection.tainted-exec.tainted-exec,vulnerabilities/exec/source/high.php,30,true,,False,False,True,
dvwa,php,vulnerable,php.lang.security.tainted-exec.tainted-exec,vulnerabilities/exec/source/high.php,30,true,,False,False,True,
dvwa,php,vulnerable,php.lang.security.exec-use.exec-use,vulnerabilities/exec/source/impossible.php,22,false,input is validated or restricted in a way the rule does not see,False,False,True,each IP octet checked numeric
dvwa,php,vulnerable,php.lang.security.injection.tainted-exec.tainted-exec,vulnerabilities/exec/source/impossible.php,22,false,input is validated or restricted in a way the rule does not see,False,False,True,each IP octet checked numeric
dvwa,php,vulnerable,php.lang.security.tainted-exec.tainted-exec,vulnerabilities/exec/source/impossible.php,22,false,input is validated or restricted in a way the rule does not see,False,False,True,each IP octet checked numeric
dvwa,php,vulnerable,php.lang.security.exec-use.exec-use,vulnerabilities/exec/source/impossible.php,26,false,input is validated or restricted in a way the rule does not see,False,False,True,each IP octet checked numeric
dvwa,php,vulnerable,php.lang.security.injection.tainted-exec.tainted-exec,vulnerabilities/exec/source/impossible.php,26,false,input is validated or restricted in a way the rule does not see,False,False,True,each IP octet checked numeric
dvwa,php,vulnerable,php.lang.security.tainted-exec.tainted-exec,vulnerabilities/exec/source/impossible.php,26,false,input is validated or restricted in a way the rule does not see,False,False,True,each IP octet checked numeric
dvwa,php,vulnerable,php.lang.security.exec-use.exec-use,vulnerabilities/exec/source/low.php,10,true,,False,False,True,
dvwa,php,vulnerable,php.lang.security.injection.tainted-exec.tainted-exec,vulnerabilities/exec/source/low.php,10,true,,False,False,True,
dvwa,php,vulnerable,php.lang.security.tainted-exec.tainted-exec,vulnerabilities/exec/source/low.php,10,true,,False,False,True,
dvwa,php,vulnerable,php.lang.security.exec-use.exec-use,vulnerabilities/exec/source/low.php,14,true,,False,False,True,
dvwa,php,vulnerable,php.lang.security.injection.tainted-exec.tainted-exec,vulnerabilities/exec/source/low.php,14,true,,False,False,True,
dvwa,php,vulnerable,php.lang.security.tainted-exec.tainted-exec,vulnerabilities/exec/source/low.php,14,true,,False,False,True,
dvwa,php,vulnerable,php.lang.security.exec-use.exec-use,vulnerabilities/exec/source/medium.php,19,true,,False,False,True,
dvwa,php,vulnerable,php.lang.security.injection.tainted-exec.tainted-exec,vulnerabilities/exec/source/medium.php,19,true,,False,False,True,
dvwa,php,vulnerable,php.lang.security.tainted-exec.tainted-exec,vulnerabilities/exec/source/medium.php,19,true,,False,False,True,
dvwa,php,vulnerable,php.lang.security.exec-use.exec-use,vulnerabilities/exec/source/medium.php,23,true,,False,False,True,
dvwa,php,vulnerable,php.lang.security.injection.tainted-exec.tainted-exec,vulnerabilities/exec/source/medium.php,23,true,,False,False,True,
dvwa,php,vulnerable,php.lang.security.tainted-exec.tainted-exec,vulnerabilities/exec/source/medium.php,23,true,,False,False,True,
dvwa,php,vulnerable,php.lang.security.injection.tainted-filename.tainted-filename,vulnerabilities/fi/source/high.php,7,true,,False,False,False,
dvwa,php,vulnerable,javascript.browser.security.eval-detected.eval-detected,vulnerabilities/javascript/source/high.js,1,false,third-party library or minified/obfuscated file kept in the app,True,False,True,
dvwa,php,vulnerable,javascript.lang.security.audit.unsafe-dynamic-method.unsafe-dynamic-method,vulnerabilities/javascript/source/high.js,1,false,third-party library or minified/obfuscated file kept in the app,True,False,True,
dvwa,php,vulnerable,javascript.lang.security.audit.unsafe-dynamic-method.unsafe-dynamic-method,vulnerabilities/javascript/source/high.js,1,false,third-party library or minified/obfuscated file kept in the app,True,False,True,
dvwa,php,vulnerable,javascript.lang.security.audit.unsafe-dynamic-method.unsafe-dynamic-method,vulnerabilities/javascript/source/high.js,1,false,third-party library or minified/obfuscated file kept in the app,True,False,True,
dvwa,php,vulnerable,javascript.lang.security.audit.unsafe-dynamic-method.unsafe-dynamic-method,vulnerabilities/javascript/source/high.js,1,false,third-party library or minified/obfuscated file kept in the app,True,False,True,
dvwa,php,vulnerable,javascript.lang.security.audit.detect-non-literal-regexp.detect-non-literal-regexp,vulnerabilities/javascript/source/high.js,1,false,third-party library or minified/obfuscated file kept in the app,True,False,True,
dvwa,php,vulnerable,javascript.lang.security.audit.detect-non-literal-regexp.detect-non-literal-regexp,vulnerabilities/javascript/source/high.js,1,false,third-party library or minified/obfuscated file kept in the app,True,False,True,
dvwa,php,vulnerable,javascript.lang.security.audit.unsafe-dynamic-method.unsafe-dynamic-method,vulnerabilities/javascript/source/high.js,1,false,third-party library or minified/obfuscated file kept in the app,True,False,True,
dvwa,php,vulnerable,javascript.lang.security.audit.unsafe-dynamic-method.unsafe-dynamic-method,vulnerabilities/javascript/source/high_unobfuscated.js,60,false,"value comes from the app's own config, constants, or allowlist, not a visitor",False,False,False,sha256 helper; outputType from a fixed list
dvwa,php,vulnerable,javascript.lang.security.audit.unsafe-dynamic-method.unsafe-dynamic-method,vulnerabilities/javascript/source/high_unobfuscated.js,108,false,"value comes from the app's own config, constants, or allowlist, not a visitor",False,False,False,sha256 helper; outputType from a fixed list
dvwa,php,vulnerable,php.lang.security.injection.tainted-sql-string.tainted-sql-string,vulnerabilities/sqli/source/low.php,10,true,,False,False,False,
dvwa,php,vulnerable,php.lang.security.injection.tainted-sql-string.tainted-sql-string,vulnerabilities/sqli/source/low.php,31,true,,False,False,False,
dvwa,php,vulnerable,php.lang.security.injection.tainted-sql-string.tainted-sql-string,vulnerabilities/sqli_blind/source/high.php,11,true,,False,False,False,
dvwa,php,vulnerable,php.lang.security.injection.tainted-sql-string.tainted-sql-string,vulnerabilities/sqli_blind/source/high.php,33,true,,False,False,False,
dvwa,php,vulnerable,php.lang.security.injection.tainted-sql-string.tainted-sql-string,vulnerabilities/sqli_blind/source/low.php,11,true,,False,False,False,
dvwa,php,vulnerable,php.lang.security.injection.tainted-sql-string.tainted-sql-string,vulnerabilities/sqli_blind/source/low.php,32,true,,False,False,False,
dvwa,php,vulnerable,php.lang.security.injection.tainted-sql-string.tainted-sql-string,vulnerabilities/sqli_blind/source/medium.php,34,true,,False,False,False,
dvwa,php,vulnerable,php.lang.security.injection.tainted-filename.tainted-filename,vulnerabilities/view_help.php,20,true,,False,False,False,
dvwa,php,vulnerable,php.lang.security.injection.tainted-filename.tainted-filename,vulnerabilities/view_help.php,22,true,,False,False,False,
dvwa,php,vulnerable,php.lang.security.injection.tainted-filename.tainted-filename,vulnerabilities/view_source.php,63,true,,False,False,False,
dvwa,php,vulnerable,php.lang.security.injection.tainted-filename.tainted-filename,vulnerabilities/view_source.php,67,true,,False,False,False,
dvwa,php,vulnerable,php.lang.security.injection.tainted-filename.tainted-filename,vulnerabilities/view_source.php,68,true,,False,False,False,
dvwa,php,vulnerable,php.lang.security.injection.tainted-filename.tainted-filename,vulnerabilities/view_source_all.php,14,true,,False,False,False,
dvwa,php,vulnerable,php.lang.security.injection.tainted-filename.tainted-filename,vulnerabilities/view_source_all.php,18,true,,False,False,False,
dvwa,php,vulnerable,php.lang.security.injection.tainted-filename.tainted-filename,vulnerabilities/view_source_all.php,22,true,,False,False,False,
dvwa,php,vulnerable,php.lang.security.injection.tainted-filename.tainted-filename,vulnerabilities/view_source_all.php,26,true,,False,False,False,
spring-realworld,java,clean,java.spring.security.audit.spring-csrf-disabled.spring-csrf-disabled,src/main/java/io/spring/api/security/WebSecurityConfig.java,38,false,"rule does not apply to this kind of app (e.g. CSRF on a bearer-token JSON API, Django rule on another framework)",False,False,False,stateless JWT-in-header API; CSRF not applicable
spring-realworld,java,clean,generic.secrets.security.detected-jwt-token.detected-jwt-token,src/test/java/io/spring/infrastructure/service/DefaultJwtServiceTest.java,38,false,test or fixture code,False,True,True,
spring-realworld,java,clean,generic.secrets.gitleaks.jwt.jwt,src/test/java/io/spring/infrastructure/service/DefaultJwtServiceTest.java,38,false,test or fixture code,False,True,True,
javavulnlab,java,vulnerable,java.lang.security.httpservlet-path-traversal.httpservlet-path-traversal,src/main/java/org/cysecurity/cspf/jvl/controller/AddPage.java,45,true,,False,False,False,
javavulnlab,java,vulnerable,java.lang.security.audit.xss.no-direct-response-writer.no-direct-response-writer,src/main/java/org/cysecurity/cspf/jvl/controller/AddPage.java,55,true,,False,False,False,
javavulnlab,java,vulnerable,java.lang.security.httpservlet-path-traversal.httpservlet-path-traversal,src/main/java/org/cysecurity/cspf/jvl/controller/AvatarUpload.java,43,true,,False,False,False,
javavulnlab,java,vulnerable,java.lang.security.audit.sqli.tainted-sql-from-http-request.tainted-sql-from-http-request,src/main/java/org/cysecurity/cspf/jvl/controller/EmailCheck.java,47,true,,False,False,False,
javavulnlab,java,vulnerable,java.lang.security.audit.sqli.jdbc-sqli.jdbc-sqli,src/main/java/org/cysecurity/cspf/jvl/controller/EmailCheck.java,48,true,,False,False,True,
javavulnlab,java,vulnerable,java.lang.security.audit.formatted-sql-string.formatted-sql-string,src/main/java/org/cysecurity/cspf/jvl/controller/EmailCheck.java,48,true,,False,False,True,
javavulnlab,java,vulnerable,java.lang.security.audit.sqli.jdbc-sqli.jdbc-sqli,src/main/java/org/cysecurity/cspf/jvl/controller/Install.java,117,unsure,"developer or install tooling, not reachable from a request",False,False,False,installer: DB name typed by the person installing
javavulnlab,java,vulnerable,java.lang.security.audit.sqli.jdbc-sqli.jdbc-sqli,src/main/java/org/cysecurity/cspf/jvl/controller/Install.java,119,unsure,"developer or install tooling, not reachable from a request",False,False,False,installer: DB name typed by the person installing
javavulnlab,java,vulnerable,java.lang.security.audit.sqli.jdbc-sqli.jdbc-sqli,src/main/java/org/cysecurity/cspf/jvl/controller/Install.java,127,true,,False,False,False,
javavulnlab,java,vulnerable,java.lang.security.audit.sqli.tainted-sql-from-http-request.tainted-sql-from-http-request,src/main/java/org/cysecurity/cspf/jvl/controller/LoginValidator.java,51,true,,False,False,False,
javavulnlab,java,vulnerable,java.lang.security.audit.sqli.jdbc-sqli.jdbc-sqli,src/main/java/org/cysecurity/cspf/jvl/controller/LoginValidator.java,52,true,,False,False,True,
javavulnlab,java,vulnerable,java.lang.security.audit.formatted-sql-string.formatted-sql-string,src/main/java/org/cysecurity/cspf/jvl/controller/LoginValidator.java,52,true,,False,False,True,
javavulnlab,java,vulnerable,java.lang.security.audit.cookie-missing-httponly.cookie-missing-httponly,src/main/java/org/cysecurity/cspf/jvl/controller/LoginValidator.java,60,true,,False,False,True,
javavulnlab,java,vulnerable,java.lang.security.audit.cookie-missing-secure-flag.cookie-missing-secure-flag,src/main/java/org/cysecurity/cspf/jvl/controller/LoginValidator.java,60,true,,False,False,True,
javavulnlab,java,vulnerable,java.lang.security.audit.cookie-missing-httponly.cookie-missing-httponly,src/main/java/org/cysecurity/cspf/jvl/controller/LoginValidator.java,63,true,,False,False,True,
javavulnlab,java,vulnerable,java.lang.security.audit.cookie-missing-secure-flag.cookie-missing-secure-flag,src/main/java/org/cysecurity/cspf/jvl/controller/LoginValidator.java,63,true,,False,False,True,
javavulnlab,java,vulnerable,java.lang.security.audit.cookie-missing-httponly.cookie-missing-httponly,src/main/java/org/cysecurity/cspf/jvl/controller/LoginValidator.java,68,true,,False,False,True,
javavulnlab,java,vulnerable,java.lang.security.audit.cookie-missing-secure-flag.cookie-missing-secure-flag,src/main/java/org/cysecurity/cspf/jvl/controller/LoginValidator.java,68,true,,False,False,True,
javavulnlab,java,vulnerable,java.lang.security.audit.cookie-missing-httponly.cookie-missing-httponly,src/main/java/org/cysecurity/cspf/jvl/controller/LoginValidator.java,69,true,,False,False,True,
javavulnlab,java,vulnerable,java.lang.security.audit.cookie-missing-secure-flag.cookie-missing-secure-flag,src/main/java/org/cysecurity/cspf/jvl/controller/LoginValidator.java,69,true,,False,False,True,
javavulnlab,java,vulnerable,java.lang.security.audit.unvalidated-redirect.unvalidated-redirect,src/main/java/org/cysecurity/cspf/jvl/controller/Open.java,31,true,,False,False,False,
javavulnlab,java,vulnerable,java.lang.security.audit.formatted-sql-string.formatted-sql-string,src/main/java/org/cysecurity/cspf/jvl/controller/Register.java,58,true,,False,False,True,
javavulnlab,java,vulnerable,java.lang.security.audit.sqli.jdbc-sqli.jdbc-sqli,src/main/java/org/cysecurity/cspf/jvl/controller/Register.java,58,true,,False,False,True,
javavulnlab,java,vulnerable,java.lang.security.audit.formatted-sql-string.formatted-sql-string,src/main/java/org/cysecurity/cspf/jvl/controller/Register.java,59,true,,False,False,True,
javavulnlab,java,vulnerable,java.lang.security.audit.sqli.jdbc-sqli.jdbc-sqli,src/main/java/org/cysecurity/cspf/jvl/controller/Register.java,59,true,,False,False,True,
javavulnlab,java,vulnerable,java.lang.security.audit.sqli.tainted-sql-from-http-request.tainted-sql-from-http-request,src/main/java/org/cysecurity/cspf/jvl/controller/UsernameCheck.java,47,true,,False,False,False,
javavulnlab,java,vulnerable,java.lang.security.audit.sqli.jdbc-sqli.jdbc-sqli,src/main/java/org/cysecurity/cspf/jvl/controller/UsernameCheck.java,48,true,,False,False,True,
javavulnlab,java,vulnerable,java.lang.security.audit.formatted-sql-string.formatted-sql-string,src/main/java/org/cysecurity/cspf/jvl/controller/UsernameCheck.java,48,true,,False,False,True,
javavulnlab,java,vulnerable,java.lang.security.audit.xxe.documentbuilderfactory-disallow-doctype-decl-missing.documentbuilderfactory-disallow-doctype-decl-missing,src/main/java/org/cysecurity/cspf/jvl/controller/XPathQuery.java,44,unsure,,False,False,False,parses a file bundled with the app
javavulnlab,java,vulnerable,java.lang.security.audit.tainted-xpath-from-http-request.tainted-xpath-from-http-request,src/main/java/org/cysecurity/cspf/jvl/controller/XPathQuery.java,53,true,,False,False,False,
javavulnlab,java,vulnerable,java.lang.security.audit.xss.no-direct-response-writer.no-direct-response-writer,src/main/java/org/cysecurity/cspf/jvl/controller/XPathQuery.java,54,true,,False,False,False,
javavulnlab,java,vulnerable,java.lang.security.audit.xxe.documentbuilderfactory-disallow-doctype-decl-missing.documentbuilderfactory-disallow-doctype-decl-missing,src/main/java/org/cysecurity/cspf/jvl/controller/xxe.java,46,true,,False,False,False,
javavulnlab,java,vulnerable,java.lang.security.audit.xss.no-direct-response-writer.no-direct-response-writer,src/main/java/org/cysecurity/cspf/jvl/controller/xxe.java,54,true,,False,False,False,
javavulnlab,java,vulnerable,java.lang.security.audit.crypto.use-of-md5.use-of-md5,src/main/java/org/cysecurity/cspf/jvl/model/HashMe.java,16,true,,False,False,False,
javavulnlab,java,vulnerable,javascript.browser.security.insecure-document-method.insecure-document-method,src/main/webapp/jquery.min.js,2,false,third-party library or minified/obfuscated file kept in the app,True,False,True,
javavulnlab,java,vulnerable,javascript.lang.security.audit.detect-non-literal-regexp.detect-non-literal-regexp,src/main/webapp/jquery.min.js,2,false,third-party library or minified/obfuscated file kept in the app,True,False,True,
javavulnlab,java,vulnerable,javascript.lang.security.audit.unsafe-dynamic-method.unsafe-dynamic-method,src/main/webapp/jquery.min.js,2,false,third-party library or minified/obfuscated file kept in the app,True,False,True,
javavulnlab,java,vulnerable,javascript.lang.security.audit.unsafe-dynamic-method.unsafe-dynamic-method,src/main/webapp/jquery.min.js,2,false,third-party library or minified/obfuscated file kept in the app,True,False,True,
javavulnlab,java,vulnerable,javascript.lang.security.audit.unsafe-dynamic-method.unsafe-dynamic-method,src/main/webapp/jquery.min.js,2,false,third-party library or minified/obfuscated file kept in the app,True,False,True,
javavulnlab,java,vulnerable,javascript.lang.security.audit.unsafe-dynamic-method.unsafe-dynamic-method,src/main/webapp/jquery.min.js,2,false,third-party library or minified/obfuscated file kept in the app,True,False,True,
javavulnlab,java,vulnerable,javascript.lang.security.audit.detect-non-literal-regexp.detect-non-literal-regexp,src/main/webapp/jquery.min.js,2,false,third-party library or minified/obfuscated file kept in the app,True,False,True,
javavulnlab,java,vulnerable,javascript.lang.security.audit.detect-non-literal-regexp.detect-non-literal-regexp,src/main/webapp/jquery.min.js,2,false,third-party library or minified/obfuscated file kept in the app,True,False,True,
javavulnlab,java,vulnerable,javascript.lang.security.audit.detect-non-literal-regexp.detect-non-literal-regexp,src/main/webapp/jquery.min.js,3,false,third-party library or minified/obfuscated file kept in the app,True,False,True,
javavulnlab,java,vulnerable,javascript.lang.security.audit.unsafe-dynamic-method.unsafe-dynamic-method,src/main/webapp/jquery.min.js,3,false,third-party library or minified/obfuscated file kept in the app,True,False,True,
javavulnlab,java,vulnerable,javascript.lang.security.audit.unsafe-dynamic-method.unsafe-dynamic-method,src/main/webapp/jquery.min.js,3,false,third-party library or minified/obfuscated file kept in the app,True,False,True,
javavulnlab,java,vulnerable,javascript.lang.security.audit.unsafe-dynamic-method.unsafe-dynamic-method,src/main/webapp/jquery.min.js,3,false,third-party library or minified/obfuscated file kept in the app,True,False,True,
javavulnlab,java,vulnerable,javascript.lang.security.audit.unsafe-dynamic-method.unsafe-dynamic-method,src/main/webapp/jquery.min.js,3,false,third-party library or minified/obfuscated file kept in the app,True,False,True,
javavulnlab,java,vulnerable,javascript.lang.security.audit.unsafe-dynamic-method.unsafe-dynamic-method,src/main/webapp/jquery.min.js,3,false,third-party library or minified/obfuscated file kept in the app,True,False,True,
javavulnlab,java,vulnerable,javascript.lang.security.audit.unsafe-dynamic-method.unsafe-dynamic-method,src/main/webapp/jquery.min.js,3,false,third-party library or minified/obfuscated file kept in the app,True,False,True,
javavulnlab,java,vulnerable,javascript.lang.security.audit.unsafe-dynamic-method.unsafe-dynamic-method,src/main/webapp/jquery.min.js,3,false,third-party library or minified/obfuscated file kept in the app,True,False,True,
javavulnlab,java,vulnerable,javascript.lang.security.audit.unsafe-dynamic-method.unsafe-dynamic-method,src/main/webapp/jquery.min.js,3,false,third-party library or minified/obfuscated file kept in the app,True,False,True,
javavulnlab,java,vulnerable,javascript.lang.security.audit.unsafe-dynamic-method.unsafe-dynamic-method,src/main/webapp/jquery.min.js,3,false,third-party library or minified/obfuscated file kept in the app,True,False,True,
javavulnlab,java,vulnerable,javascript.jquery.security.audit.prohibit-jquery-html.prohibit-jquery-html,src/main/webapp/jquery.min.js,3,false,third-party library or minified/obfuscated file kept in the app,True,False,True,
javavulnlab,java,vulnerable,javascript.lang.security.audit.unsafe-dynamic-method.unsafe-dynamic-method,src/main/webapp/jquery.min.js,4,false,third-party library or minified/obfuscated file kept in the app,True,False,True,
javavulnlab,java,vulnerable,javascript.browser.security.insecure-document-method.insecure-document-method,src/main/webapp/jquery.min.js,4,false,third-party library or minified/obfuscated file kept in the app,True,False,True,
javavulnlab,java,vulnerable,javascript.browser.security.insecure-innerhtml.insecure-innerhtml,src/main/webapp/jquery.min.js,4,false,third-party library or minified/obfuscated file kept in the app,True,False,True,
javavulnlab,java,vulnerable,javascript.jquery.security.audit.prohibit-jquery-html.prohibit-jquery-html,src/main/webapp/jquery.min.js,4,false,third-party library or minified/obfuscated file kept in the app,True,False,True,
javavulnlab,java,vulnerable,javascript.lang.security.audit.unsafe-dynamic-method.unsafe-dynamic-method,src/main/webapp/jquery.min.js,4,false,third-party library or minified/obfuscated file kept in the app,True,False,True,
javavulnlab,java,vulnerable,javascript.lang.security.audit.unsafe-dynamic-method.unsafe-dynamic-method,src/main/webapp/jquery.min.js,4,false,third-party library or minified/obfuscated file kept in the app,True,False,True,
javavulnlab,java,vulnerable,javascript.lang.security.audit.unsafe-dynamic-method.unsafe-dynamic-method,src/main/webapp/jquery.min.js,4,false,third-party library or minified/obfuscated file kept in the app,True,False,True,
javavulnlab,java,vulnerable,javascript.lang.security.audit.unsafe-dynamic-method.unsafe-dynamic-method,src/main/webapp/jquery.min.js,4,false,third-party library or minified/obfuscated file kept in the app,True,False,True,
javavulnlab,java,vulnerable,javascript.lang.security.audit.unsafe-dynamic-method.unsafe-dynamic-method,src/main/webapp/jquery.min.js,4,false,third-party library or minified/obfuscated file kept in the app,True,False,True,
javavulnlab,java,vulnerable,javascript.lang.security.audit.unsafe-dynamic-method.unsafe-dynamic-method,src/main/webapp/jquery.min.js,4,false,third-party library or minified/obfuscated file kept in the app,True,False,True,
javavulnlab,java,vulnerable,javascript.lang.security.audit.unsafe-dynamic-method.unsafe-dynamic-method,src/main/webapp/jquery.min.js,4,false,third-party library or minified/obfuscated file kept in the app,True,False,True,
javavulnlab,java,vulnerable,javascript.lang.security.audit.unsafe-dynamic-method.unsafe-dynamic-method,src/main/webapp/jquery.min.js,4,false,third-party library or minified/obfuscated file kept in the app,True,False,True,
javavulnlab,java,vulnerable,javascript.lang.security.audit.unsafe-dynamic-method.unsafe-dynamic-method,src/main/webapp/jquery.min.js,4,false,third-party library or minified/obfuscated file kept in the app,True,False,True,
dvcsharp,csharp,vulnerable,csharp.dotnet.security.mvc-missing-antiforgery.mvc-missing-antiforgery,Controllers/AuthorizationsController.cs,22,false,"rule does not apply to this kind of app (e.g. CSRF on a bearer-token JSON API, Django rule on another framework)",False,False,False,[FromBody] JSON API with token auth; antiforgery not applicable
dvcsharp,csharp,vulnerable,csharp.dotnet.security.mvc-missing-antiforgery.mvc-missing-antiforgery,Controllers/ImportsController.cs,25,false,"rule does not apply to this kind of app (e.g. CSRF on a bearer-token JSON API, Django rule on another framework)",False,False,False,[FromBody] JSON API with token auth; antiforgery not applicable
dvcsharp,csharp,vulnerable,csharp.dotnet.security.mvc-missing-antiforgery.mvc-missing-antiforgery,Controllers/PasswordResetsController.cs,22,false,"rule does not apply to this kind of app (e.g. CSRF on a bearer-token JSON API, Django rule on another framework)",False,False,False,[FromBody] JSON API with token auth; antiforgery not applicable
dvcsharp,csharp,vulnerable,csharp.dotnet.security.mvc-missing-antiforgery.mvc-missing-antiforgery,Controllers/PasswordResetsController.cs,62,false,"rule does not apply to this kind of app (e.g. CSRF on a bearer-token JSON API, Django rule on another framework)",False,False,False,[FromBody] JSON API with token auth; antiforgery not applicable
dvcsharp,csharp,vulnerable,csharp.dotnet.security.mvc-missing-antiforgery.mvc-missing-antiforgery,Controllers/ProductsController.cs,31,false,"rule does not apply to this kind of app (e.g. CSRF on a bearer-token JSON API, Django rule on another framework)",False,False,False,[FromBody] JSON API with token auth; antiforgery not applicable
dvcsharp,csharp,vulnerable,csharp.dotnet.security.mvc-missing-antiforgery.mvc-missing-antiforgery,Controllers/RegistrationsController.cs,21,false,"rule does not apply to this kind of app (e.g. CSRF on a bearer-token JSON API, Django rule on another framework)",False,False,False,[FromBody] JSON API with token auth; antiforgery not applicable
dvcsharp,csharp,vulnerable,generic.secrets.security.detected-generic-secret.detected-generic-secret,Models/User.cs,17,true,,False,False,True,
dvcsharp,csharp,vulnerable,generic.secrets.gitleaks.generic-api-key.generic-api-key,Models/User.cs,17,true,,False,False,True,
ex-flask-booking,python,clean (sv example),python.lang.security.use-defused-xml.use-defused-xml,app.py,3,unsure,,False,False,False,"request XML parsed with ElementTree; import line flagged; stdlib ET does not resolve external entities, entity-expansion risk depends on expat version"
ex-partly-passing,mixed,clean (sv example),python.lang.security.use-defused-xml.use-defused-xml,run_tests.py,12,false,test or fixture code,False,True,False,
juice-shop,js,vulnerable,javascript.sequelize.security.audit.sequelize-raw-query.sequelize-raw-query,data/static/codefixes/dbSchemaChallenge_1.ts,5,false,"documentation, tutorial, sample, or dead/commented code that does not run",False,False,True,answer options for the coding challenge; never executed
juice-shop,js,vulnerable,javascript.sequelize.security.audit.sequelize-injection-express.express-sequelize-injection,data/static/codefixes/dbSchemaChallenge_1.ts,5,false,"documentation, tutorial, sample, or dead/commented code that does not run",False,False,True,answer options for the coding challenge; never executed
juice-shop,js,vulnerable,javascript.express.security.injection.tainted-sql-string.tainted-sql-string,data/static/codefixes/dbSchemaChallenge_1.ts,5,false,"documentation, tutorial, sample, or dead/commented code that does not run",False,False,True,answer options for the coding challenge; never executed
juice-shop,js,vulnerable,javascript.sequelize.security.audit.sequelize-raw-query.sequelize-raw-query,data/static/codefixes/dbSchemaChallenge_3.ts,11,false,"documentation, tutorial, sample, or dead/commented code that does not run",False,False,True,answer options for the coding challenge; never executed
juice-shop,js,vulnerable,javascript.sequelize.security.audit.sequelize-injection-express.express-sequelize-injection,data/static/codefixes/dbSchemaChallenge_3.ts,11,false,"documentation, tutorial, sample, or dead/commented code that does not run",False,False,True,answer options for the coding challenge; never executed
juice-shop,js,vulnerable,javascript.express.security.injection.tainted-sql-string.tainted-sql-string,data/static/codefixes/dbSchemaChallenge_3.ts,11,false,"documentation, tutorial, sample, or dead/commented code that does not run",False,False,True,answer options for the coding challenge; never executed
juice-shop,js,vulnerable,javascript.audit.detect-replaceall-sanitization.detect-replaceall-sanitization,data/static/codefixes/restfulXssChallenge_2.ts,46,false,"documentation, tutorial, sample, or dead/commented code that does not run",False,False,True,answer options for the coding challenge; never executed
juice-shop,js,vulnerable,javascript.audit.detect-replaceall-sanitization.detect-replaceall-sanitization,data/static/codefixes/restfulXssChallenge_2.ts,46,false,"documentation, tutorial, sample, or dead/commented code that does not run",False,False,True,answer options for the coding challenge; never executed
juice-shop,js,vulnerable,javascript.sequelize.security.audit.sequelize-raw-query.sequelize-raw-query,data/static/codefixes/unionSqlInjectionChallenge_1.ts,6,false,"documentation, tutorial, sample, or dead/commented code that does not run",False,False,True,answer options for the coding challenge; never executed
juice-shop,js,vulnerable,javascript.sequelize.security.audit.sequelize-injection-express.express-sequelize-injection,data/static/codefixes/unionSqlInjectionChallenge_1.ts,6,false,"documentation, tutorial, sample, or dead/commented code that does not run",False,False,True,answer options for the coding challenge; never executed
juice-shop,js,vulnerable,javascript.express.security.injection.tainted-sql-string.tainted-sql-string,data/static/codefixes/unionSqlInjectionChallenge_1.ts,6,false,"documentation, tutorial, sample, or dead/commented code that does not run",False,False,True,answer options for the coding challenge; never executed
juice-shop,js,vulnerable,javascript.sequelize.security.audit.sequelize-raw-query.sequelize-raw-query,data/static/codefixes/unionSqlInjectionChallenge_3.ts,10,false,"documentation, tutorial, sample, or dead/commented code that does not run",False,False,True,answer options for the coding challenge; never executed
juice-shop,js,vulnerable,javascript.sequelize.security.audit.sequelize-injection-express.express-sequelize-injection,data/static/codefixes/unionSqlInjectionChallenge_3.ts,10,false,"documentation, tutorial, sample, or dead/commented code that does not run",False,False,True,answer options for the coding challenge; never executed
juice-shop,js,vulnerable,javascript.express.security.injection.tainted-sql-string.tainted-sql-string,data/static/codefixes/unionSqlInjectionChallenge_3.ts,10,false,"documentation, tutorial, sample, or dead/commented code that does not run",False,False,True,answer options for the coding challenge; never executed
juice-shop,js,vulnerable,javascript.lang.security.html-in-template-string.html-in-template-string,frontend/src/app/about/about.component.ts,117,true,,False,False,False,
juice-shop,js,vulnerable,javascript.lang.security.html-in-template-string.html-in-template-string,frontend/src/app/administration/administration.component.ts,74,true,,False,False,False,
juice-shop,js,vulnerable,generic.secrets.security.detected-jwt-token.detected-jwt-token,frontend/src/app/app.guard.spec.ts,46,false,test or fixture code,False,True,True,
juice-shop,js,vulnerable,generic.secrets.gitleaks.jwt.jwt,frontend/src/app/app.guard.spec.ts,46,false,test or fixture code,False,True,True,
juice-shop,js,vulnerable,generic.secrets.security.detected-jwt-token.detected-jwt-token,frontend/src/app/last-login-ip/last-login-ip.component.spec.ts,72,false,test or fixture code,False,True,True,
juice-shop,js,vulnerable,generic.secrets.gitleaks.jwt.jwt,frontend/src/app/last-login-ip/last-login-ip.component.spec.ts,72,false,test or fixture code,False,True,True,
juice-shop,js,vulnerable,generic.secrets.security.detected-jwt-token.detected-jwt-token,frontend/src/app/last-login-ip/last-login-ip.component.spec.ts,78,false,test or fixture code,False,True,False,
juice-shop,js,vulnerable,javascript.lang.security.html-in-template-string.html-in-template-string,frontend/src/app/last-login-ip/last-login-ip.component.ts,40,true,,False,False,False,
juice-shop,js,vulnerable,generic.secrets.security.detected-google-oauth.detected-google-oauth-url,frontend/src/app/login/login.component.ts,59,false,"secret rule matched a hash or a public identifier, not a secret",False,False,False,OAuth client id is public
juice-shop,js,vulnerable,generic.html-templates.security.unquoted-attribute-var.unquoted-attribute-var,frontend/src/app/navbar/navbar.component.html,17,false,framework or template engine already escapes or protects it,False,False,False,Angular interpolation in a template binding
juice-shop,js,vulnerable,generic.secrets.gitleaks.generic-api-key.generic-api-key,frontend/src/app/oauth/oauth.component.spec.ts,91,false,test or fixture code,False,True,True,
juice-shop,js,vulnerable,generic.secrets.gitleaks.generic-api-key.generic-api-key,frontend/src/app/oauth/oauth.component.spec.ts,91,false,test or fixture code,False,True,True,
juice-shop,js,vulnerable,generic.secrets.gitleaks.generic-api-key.generic-api-key,frontend/src/app/oauth/oauth.component.spec.ts,98,false,test or fixture code,False,True,False,
juice-shop,js,vulnerable,generic.html-templates.security.unquoted-attribute-var.unquoted-attribute-var,frontend/src/app/purchase-basket/purchase-basket.component.html,15,false,framework or template engine already escapes or protects it,False,False,False,Angular interpolation in a template binding
juice-shop,js,vulnerable,javascript.lang.security.html-in-template-string.html-in-template-string,frontend/src/app/track-result/track-result.component.ts,49,true,,False,False,False,
juice-shop,js,vulnerable,javascript.lang.security.audit.unsafe-dynamic-method.unsafe-dynamic-method,frontend/src/app/web3-sandbox/web3-sandbox.component.ts,243,false,"value comes from the app's own config, constants, or allowlist, not a visitor",False,False,False,method name from the contract ABI
juice-shop,js,vulnerable,javascript.browser.security.insecure-document-method.insecure-document-method,frontend/src/assets/private/dat.gui.min.js,1,false,third-party library or minified/obfuscated file kept in the app,True,False,True,
juice-shop,js,vulnerable,javascript.browser.security.insecure-innerhtml.insecure-innerhtml,frontend/src/assets/private/dat.gui.min.js,1,false,third-party library or minified/obfuscated file kept in the app,True,False,True,
juice-shop,js,vulnerable,javascript.lang.security.audit.unsafe-dynamic-method.unsafe-dynamic-method,frontend/src/assets/private/dat.gui.min.js,8,false,third-party library or minified/obfuscated file kept in the app,True,False,False,
juice-shop,js,vulnerable,javascript.lang.security.audit.detect-non-literal-regexp.detect-non-literal-regexp,frontend/src/assets/private/dat.gui.min.js,11,false,third-party library or minified/obfuscated file kept in the app,True,False,False,
juice-shop,js,vulnerable,javascript.browser.security.insecure-document-method.insecure-document-method,frontend/src/assets/private/dat.gui.min.js,13,false,third-party library or minified/obfuscated file kept in the app,True,False,True,
juice-shop,js,vulnerable,javascript.browser.security.insecure-innerhtml.insecure-innerhtml,frontend/src/assets/private/dat.gui.min.js,13,false,third-party library or minified/obfuscated file kept in the app,True,False,True,
juice-shop,js,vulnerable,javascript.browser.security.insecure-document-method.insecure-document-method,frontend/src/assets/private/dat.gui.min.js,23,false,third-party library or minified/obfuscated file kept in the app,True,False,True,
juice-shop,js,vulnerable,javascript.browser.security.insecure-innerhtml.insecure-innerhtml,frontend/src/assets/private/dat.gui.min.js,23,false,third-party library or minified/obfuscated file kept in the app,True,False,True,
juice-shop,js,vulnerable,javascript.browser.security.insecure-document-method.insecure-document-method,frontend/src/assets/private/dat.gui.min.js,33,false,third-party library or minified/obfuscated file kept in the app,True,False,True,
juice-shop,js,vulnerable,javascript.browser.security.insecure-innerhtml.insecure-innerhtml,frontend/src/assets/private/dat.gui.min.js,33,false,third-party library or minified/obfuscated file kept in the app,True,False,True,
juice-shop,js,vulnerable,javascript.browser.security.insecure-document-method.insecure-document-method,frontend/src/assets/private/dat.gui.min.js,35,false,third-party library or minified/obfuscated file kept in the app,True,False,True,
juice-shop,js,vulnerable,javascript.browser.security.insecure-innerhtml.insecure-innerhtml,frontend/src/assets/private/dat.gui.min.js,35,false,third-party library or minified/obfuscated file kept in the app,True,False,True,
juice-shop,js,vulnerable,javascript.browser.security.insecure-document-method.insecure-document-method,frontend/src/assets/private/dat.gui.min.js,40,false,third-party library or minified/obfuscated file kept in the app,True,False,True,
juice-shop,js,vulnerable,javascript.browser.security.insecure-innerhtml.insecure-innerhtml,frontend/src/assets/private/dat.gui.min.js,40,false,third-party library or minified/obfuscated file kept in the app,True,False,True,
juice-shop,js,vulnerable,javascript.browser.security.insecure-document-method.insecure-document-method,frontend/src/assets/private/dat.gui.min.js,41,false,third-party library or minified/obfuscated file kept in the app,True,False,True,
juice-shop,js,vulnerable,javascript.browser.security.insecure-innerhtml.insecure-innerhtml,frontend/src/assets/private/dat.gui.min.js,41,false,third-party library or minified/obfuscated file kept in the app,True,False,True,
juice-shop,js,vulnerable,javascript.browser.security.insecure-document-method.insecure-document-method,frontend/src/assets/private/dat.gui.min.js,44,false,third-party library or minified/obfuscated file kept in the app,True,False,True,
juice-shop,js,vulnerable,javascript.browser.security.insecure-innerhtml.insecure-innerhtml,frontend/src/assets/private/dat.gui.min.js,44,false,third-party library or minified/obfuscated file kept in the app,True,False,True,
juice-shop,js,vulnerable,javascript.browser.security.insecure-document-method.insecure-document-method,frontend/src/assets/private/dat.gui.min.js,44,false,third-party library or minified/obfuscated file kept in the app,True,False,True,
juice-shop,js,vulnerable,javascript.browser.security.insecure-innerhtml.insecure-innerhtml,frontend/src/assets/private/dat.gui.min.js,44,false,third-party library or minified/obfuscated file kept in the app,True,False,True,
juice-shop,js,vulnerable,javascript.browser.security.insecure-document-method.insecure-document-method,frontend/src/assets/private/dat.gui.min.js,48,false,third-party library or minified/obfuscated file kept in the app,True,False,True,
juice-shop,js,vulnerable,javascript.browser.security.insecure-innerhtml.insecure-innerhtml,frontend/src/assets/private/dat.gui.min.js,48,false,third-party library or minified/obfuscated file kept in the app,True,False,True,
juice-shop,js,vulnerable,javascript.browser.security.insecure-document-method.insecure-document-method,frontend/src/assets/private/dat.gui.min.js,48,false,third-party library or minified/obfuscated file kept in the app,True,False,True,
juice-shop,js,vulnerable,javascript.browser.security.insecure-innerhtml.insecure-innerhtml,frontend/src/assets/private/dat.gui.min.js,48,false,third-party library or minified/obfuscated file kept in the app,True,False,True,
juice-shop,js,vulnerable,javascript.browser.security.insecure-document-method.insecure-document-method,frontend/src/assets/private/dat.gui.min.js,49,false,third-party library or minified/obfuscated file kept in the app,True,False,True,
juice-shop,js,vulnerable,javascript.browser.security.insecure-innerhtml.insecure-innerhtml,frontend/src/assets/private/dat.gui.min.js,49,false,third-party library or minified/obfuscated file kept in the app,True,False,True,
juice-shop,js,vulnerable,javascript.browser.security.insecure-document-method.insecure-document-method,frontend/src/assets/private/three.js,11375,false,third-party library or minified/obfuscated file kept in the app,True,False,True,
juice-shop,js,vulnerable,javascript.browser.security.insecure-innerhtml.insecure-innerhtml,frontend/src/assets/private/three.js,11375,false,third-party library or minified/obfuscated file kept in the app,True,False,True,
juice-shop,js,vulnerable,javascript.browser.security.insecure-document-method.insecure-document-method,frontend/src/hacking-instructor/index.ts,126,false,"value comes from the app's own config, constants, or allowlist, not a visitor",False,False,True,hint text from the app's own tutorial data
juice-shop,js,vulnerable,javascript.browser.security.insecure-innerhtml.insecure-innerhtml,frontend/src/hacking-instructor/index.ts,126,false,"value comes from the app's own config, constants, or allowlist, not a visitor",False,False,True,hint text from the app's own tutorial data
juice-shop,js,vulnerable,javascript.lang.security.audit.detect-non-literal-fs-filename.detect-non-literal-fs-filename,lib/antiCheat.ts,196,false,"value comes from the app's own config, constants, or allowlist, not a visitor",False,False,True,path from the app's own challenge data
juice-shop,js,vulnerable,javascript.lang.security.audit.path-traversal.path-join-resolve-traversal.path-join-resolve-traversal,lib/antiCheat.ts,196,false,"value comes from the app's own config, constants, or allowlist, not a visitor",False,False,True,path from the app's own challenge data
juice-shop,js,vulnerable,javascript.lang.security.audit.detect-non-literal-regexp.detect-non-literal-regexp,lib/codingChallenges.ts,76,false,"value comes from the app's own config, constants, or allowlist, not a visitor",False,False,False,challenge key from the app's own list
juice-shop,js,vulnerable,javascript.lang.security.audit.detect-non-literal-regexp.detect-non-literal-regexp,lib/codingChallenges.ts,78,false,"value comes from the app's own config, constants, or allowlist, not a visitor",False,False,False,challenge key from the app's own list
juice-shop,js,vulnerable,generic.secrets.gitleaks.private-key.private-key,lib/insecurity.ts,21,true,,False,False,False,
juice-shop,js,vulnerable,javascript.lang.security.audit.hardcoded-hmac-key.hardcoded-hmac-key,lib/insecurity.ts,42,true,,False,False,False,
juice-shop,js,vulnerable,javascript.jsonwebtoken.security.jwt-hardcode.hardcoded-jwt-secret,lib/insecurity.ts,54,true,,False,False,False,
juice-shop,js,vulnerable,javascript.lang.security.audit.hardcoded-hmac-key.hardcoded-hmac-key,lib/insecurity.ts,150,true,,False,False,False,
juice-shop,js,vulnerable,javascript.lang.security.html-in-template-string.html-in-template-string,lib/startup/customizeApplication.ts,85,false,"value comes from the app's own config, constants, or allowlist, not a visitor",False,False,False,application name from config
juice-shop,js,vulnerable,javascript.browser.security.eval-detected.eval-detected,routes/captcha.ts,22,false,"value comes from the app's own config, constants, or allowlist, not a visitor",False,False,False,expression generated by the server
juice-shop,js,vulnerable,javascript.express.security.audit.express-res-sendfile.express-res-sendfile,routes/fileServer.ts,32,true,,False,False,False,poison-null-byte bypass (documented)
juice-shop,js,vulnerable,javascript.express.security.audit.express-res-sendfile.express-res-sendfile,routes/keyServer.ts,14,false,input is validated or restricted in a way the rule does not see,False,False,False,file name rejected if it contains '/'
juice-shop,js,vulnerable,javascript.express.security.audit.express-res-sendfile.express-res-sendfile,routes/logfileServer.ts,14,true,,False,False,False,poison-null-byte bypass (documented)
juice-shop,js,vulnerable,javascript.sequelize.security.audit.sequelize-raw-query.sequelize-raw-query,routes/login.ts,34,true,,False,False,True,
juice-shop,js,vulnerable,javascript.sequelize.security.audit.sequelize-injection-express.express-sequelize-injection,routes/login.ts,34,true,,False,False,True,
juice-shop,js,vulnerable,javascript.express.security.injection.tainted-sql-string.tainted-sql-string,routes/login.ts,34,true,,False,False,True,
juice-shop,js,vulnerable,generic.secrets.gitleaks.generic-api-key.generic-api-key,routes/login.ts,64,unsure,,False,False,False,expected OAuth password used only to mark a challenge solved
juice-shop,js,vulnerable,javascript.express.security.audit.express-res-sendfile.express-res-sendfile,routes/quarantineServer.ts,14,false,input is validated or restricted in a way the rule does not see,False,False,False,file name rejected if it contains '/'
juice-shop,js,vulnerable,javascript.express.security.audit.possible-user-input-redirect.unknown-value-in-redirect,routes/redirect.ts,18,true,,False,False,True,
juice-shop,js,vulnerable,javascript.express.security.audit.express-open-redirect.express-open-redirect,routes/redirect.ts,18,true,,False,False,True,
juice-shop,js,vulnerable,javascript.sequelize.security.audit.sequelize-raw-query.sequelize-raw-query,routes/search.ts,23,true,,False,False,True,
juice-shop,js,vulnerable,javascript.sequelize.security.audit.sequelize-injection-express.express-sequelize-injection,routes/search.ts,23,true,,False,False,True,
juice-shop,js,vulnerable,javascript.express.security.injection.tainted-sql-string.tainted-sql-string,routes/search.ts,23,true,,False,False,True,
juice-shop,js,vulnerable,javascript.browser.security.eval-detected.eval-detected,routes/userProfile.ts,65,true,,False,False,True,
juice-shop,js,vulnerable,javascript.lang.security.audit.code-string-concat.code-string-concat,routes/userProfile.ts,65,true,,False,False,True,
juice-shop,js,vulnerable,javascript.lang.security.html-in-template-string.html-in-template-string,routes/verify.ts,227,false,"value comes from the app's own config, constants, or allowlist, not a visitor",False,False,False,"string comparison against config, no output"
juice-shop,js,vulnerable,javascript.lang.security.audit.unknown-value-with-script-tag.unknown-value-with-script-tag,routes/videoHandler.ts,71,true,,False,False,False,
juice-shop,js,vulnerable,javascript.lang.security.audit.unsafe-formatstring.unsafe-formatstring,server.ts,157,false,"value comes from the app's own config, constants, or allowlist, not a visitor",False,False,False,startup function name in a log line
juice-shop,js,vulnerable,generic.secrets.security.detected-generic-secret.detected-generic-secret,test/api/2fa.test.ts,42,false,test or fixture code,False,True,True,
juice-shop,js,vulnerable,generic.secrets.gitleaks.generic-api-key.generic-api-key,test/api/2fa.test.ts,42,false,test or fixture code,False,True,True,
juice-shop,js,vulnerable,generic.secrets.security.detected-generic-secret.detected-generic-secret,test/api/2fa.test.ts,66,false,test or fixture code,False,True,True,
juice-shop,js,vulnerable,generic.secrets.gitleaks.generic-api-key.generic-api-key,test/api/2fa.test.ts,66,false,test or fixture code,False,True,True,
juice-shop,js,vulnerable,javascript.jsonwebtoken.security.jwt-hardcode.hardcoded-jwt-secret,test/api/2fa.test.ts,83,false,test or fixture code,False,True,False,
juice-shop,js,vulnerable,generic.secrets.security.detected-generic-secret.detected-generic-secret,test/api/2fa.test.ts,85,false,test or fixture code,False,True,True,
juice-shop,js,vulnerable,generic.secrets.gitleaks.generic-api-key.generic-api-key,test/api/2fa.test.ts,85,false,test or fixture code,False,True,True,
juice-shop,js,vulnerable,generic.secrets.security.detected-generic-secret.detected-generic-secret,test/api/2fa.test.ts,104,false,test or fixture code,False,True,True,
juice-shop,js,vulnerable,generic.secrets.gitleaks.generic-api-key.generic-api-key,test/api/2fa.test.ts,104,false,test or fixture code,False,True,True,
juice-shop,js,vulnerable,generic.secrets.security.detected-generic-secret.detected-generic-secret,test/api/2fa.test.ts,123,false,test or fixture code,False,True,True,
juice-shop,js,vulnerable,generic.secrets.gitleaks.generic-api-key.generic-api-key,test/api/2fa.test.ts,123,false,test or fixture code,False,True,True,
juice-shop,js,vulnerable,generic.secrets.security.detected-generic-secret.detected-generic-secret,test/api/2fa.test.ts,142,false,test or fixture code,False,True,True,
juice-shop,js,vulnerable,generic.secrets.gitleaks.generic-api-key.generic-api-key,test/api/2fa.test.ts,142,false,test or fixture code,False,True,True,
juice-shop,js,vulnerable,generic.secrets.security.detected-generic-secret.detected-generic-secret,test/api/2fa.test.ts,182,false,test or fixture code,False,True,True,
juice-shop,js,vulnerable,generic.secrets.gitleaks.generic-api-key.generic-api-key,test/api/2fa.test.ts,182,false,test or fixture code,False,True,True,
juice-shop,js,vulnerable,generic.secrets.security.detected-generic-secret.detected-generic-secret,test/api/2fa.test.ts,214,false,test or fixture code,False,True,True,
juice-shop,js,vulnerable,generic.secrets.gitleaks.generic-api-key.generic-api-key,test/api/2fa.test.ts,214,false,test or fixture code,False,True,True,
juice-shop,js,vulnerable,generic.secrets.security.detected-generic-secret.detected-generic-secret,test/api/2fa.test.ts,240,false,test or fixture code,False,True,True,
juice-shop,js,vulnerable,generic.secrets.gitleaks.generic-api-key.generic-api-key,test/api/2fa.test.ts,240,false,test or fixture code,False,True,True,
juice-shop,js,vulnerable,generic.secrets.security.detected-generic-secret.detected-generic-secret,test/api/2fa.test.ts,257,false,test or fixture code,False,True,True,
juice-shop,js,vulnerable,generic.secrets.gitleaks.generic-api-key.generic-api-key,test/api/2fa.test.ts,257,false,test or fixture code,False,True,True,
juice-shop,js,vulnerable,generic.secrets.security.detected-generic-secret.detected-generic-secret,test/api/2fa.test.ts,266,false,test or fixture code,False,True,True,
juice-shop,js,vulnerable,generic.secrets.gitleaks.generic-api-key.generic-api-key,test/api/2fa.test.ts,266,false,test or fixture code,False,True,True,
juice-shop,js,vulnerable,generic.secrets.security.detected-generic-secret.detected-generic-secret,test/api/2fa.test.ts,292,false,test or fixture code,False,True,True,
juice-shop,js,vulnerable,generic.secrets.gitleaks.generic-api-key.generic-api-key,test/api/2fa.test.ts,292,false,test or fixture code,False,True,True,
juice-shop,js,vulnerable,generic.secrets.security.detected-generic-secret.detected-generic-secret,test/api/2fa.test.ts,317,false,test or fixture code,False,True,True,
juice-shop,js,vulnerable,generic.secrets.gitleaks.generic-api-key.generic-api-key,test/api/2fa.test.ts,317,false,test or fixture code,False,True,True,
juice-shop,js,vulnerable,generic.secrets.security.detected-generic-secret.detected-generic-secret,test/api/2fa.test.ts,352,false,test or fixture code,False,True,True,
juice-shop,js,vulnerable,generic.secrets.gitleaks.generic-api-key.generic-api-key,test/api/2fa.test.ts,352,false,test or fixture code,False,True,True,
juice-shop,js,vulnerable,generic.secrets.security.detected-generic-secret.detected-generic-secret,test/api/2fa.test.ts,379,false,test or fixture code,False,True,True,
juice-shop,js,vulnerable,generic.secrets.gitleaks.generic-api-key.generic-api-key,test/api/2fa.test.ts,379,false,test or fixture code,False,True,True,
juice-shop,js,vulnerable,generic.secrets.security.detected-generic-secret.detected-generic-secret,test/api/2fa.test.ts,412,false,test or fixture code,False,True,True,
juice-shop,js,vulnerable,generic.secrets.gitleaks.generic-api-key.generic-api-key,test/api/2fa.test.ts,412,false,test or fixture code,False,True,True,
juice-shop,js,vulnerable,generic.secrets.gitleaks.generic-api-key.generic-api-key,test/api/basket.test.ts,114,false,test or fixture code,False,True,False,
juice-shop,js,vulnerable,generic.secrets.gitleaks.generic-api-key.generic-api-key,test/api/basket.test.ts,170,false,test or fixture code,False,True,False,
juice-shop,js,vulnerable,generic.secrets.gitleaks.generic-api-key.generic-api-key,test/api/chat.test.ts,261,false,test or fixture code,False,True,False,
juice-shop,js,vulnerable,generic.secrets.gitleaks.generic-api-key.generic-api-key,test/api/data-export.test.ts,53,false,test or fixture code,False,True,False,
juice-shop,js,vulnerable,generic.secrets.gitleaks.generic-api-key.generic-api-key,test/api/data-export.test.ts,73,false,test or fixture code,False,True,False,
juice-shop,js,vulnerable,generic.secrets.gitleaks.generic-api-key.generic-api-key,test/api/data-export.test.ts,90,false,test or fixture code,False,True,False,
juice-shop,js,vulnerable,generic.secrets.gitleaks.generic-api-key.generic-api-key,test/api/data-export.test.ts,110,false,test or fixture code,False,True,False,
juice-shop,js,vulnerable,generic.secrets.gitleaks.generic-api-key.generic-api-key,test/api/erasure-request.test.ts,36,false,test or fixture code,False,True,False,
juice-shop,js,vulnerable,generic.secrets.gitleaks.generic-api-key.generic-api-key,test/api/erasure-request.test.ts,55,false,test or fixture code,False,True,False,
juice-shop,js,vulnerable,generic.secrets.gitleaks.generic-api-key.generic-api-key,test/api/erasure-request.test.ts,68,false,test or fixture code,False,True,False,
juice-shop,js,vulnerable,generic.secrets.gitleaks.generic-api-key.generic-api-key,test/api/erasure-request.test.ts,82,false,test or fixture code,False,True,False,
juice-shop,js,vulnerable,generic.secrets.gitleaks.generic-api-key.generic-api-key,test/api/erasure-request.test.ts,94,false,test or fixture code,False,True,False,
juice-shop,js,vulnerable,generic.secrets.gitleaks.generic-api-key.generic-api-key,test/api/erasure-request.test.ts,106,false,test or fixture code,False,True,False,
juice-shop,js,vulnerable,generic.secrets.gitleaks.generic-api-key.generic-api-key,test/api/feedback.test.ts,117,false,test or fixture code,False,True,False,
juice-shop,js,vulnerable,generic.secrets.gitleaks.generic-api-key.generic-api-key,test/api/feedback.test.ts,143,false,test or fixture code,False,True,False,
juice-shop,js,vulnerable,generic.secrets.gitleaks.generic-api-key.generic-api-key,test/api/login.test.ts,147,false,test or fixture code,False,True,False,
juice-shop,js,vulnerable,generic.secrets.gitleaks.generic-api-key.generic-api-key,test/api/login.test.ts,245,false,test or fixture code,False,True,False,
juice-shop,js,vulnerable,generic.secrets.gitleaks.generic-api-key.generic-api-key,test/api/login.test.ts,267,false,test or fixture code,False,True,False,
juice-shop,js,vulnerable,generic.secrets.gitleaks.generic-api-key.generic-api-key,test/api/product-review.test.ts,101,false,test or fixture code,False,True,False,
juice-shop,js,vulnerable,generic.secrets.gitleaks.generic-api-key.generic-api-key,test/api/product-review.test.ts,115,false,test or fixture code,False,True,False,
juice-shop,js,vulnerable,javascript.lang.security.html-in-template-string.html-in-template-string,test/api/redirect.test.ts,75,false,test or fixture code,False,True,False,
juice-shop,js,vulnerable,javascript.lang.security.html-in-template-string.html-in-template-string,test/api/redirect.test.ts,86,false,test or fixture code,False,True,False,
juice-shop,js,vulnerable,javascript.lang.security.html-in-template-string.html-in-template-string,test/api/redirect.test.ts,97,false,test or fixture code,False,True,False,
juice-shop,js,vulnerable,javascript.lang.security.html-in-template-string.html-in-template-string,test/api/search.test.ts,47,false,test or fixture code,False,True,False,
juice-shop,js,vulnerable,javascript.lang.security.html-in-template-string.html-in-template-string,test/api/search.test.ts,56,false,test or fixture code,False,True,False,
juice-shop,js,vulnerable,javascript.lang.security.html-in-template-string.html-in-template-string,test/api/search.test.ts,65,false,test or fixture code,False,True,False,
juice-shop,js,vulnerable,javascript.lang.security.html-in-template-string.html-in-template-string,test/api/search.test.ts,74,false,test or fixture code,False,True,False,
juice-shop,js,vulnerable,javascript.lang.security.html-in-template-string.html-in-template-string,test/api/user-profile.test.ts,32,false,test or fixture code,False,True,False,
juice-shop,js,vulnerable,generic.secrets.gitleaks.generic-api-key.generic-api-key,test/api/user.test.ts,240,false,test or fixture code,False,True,False,
juice-shop,js,vulnerable,generic.secrets.security.detected-jwt-token.detected-jwt-token,test/api/user.test.ts,280,false,test or fixture code,False,True,True,
juice-shop,js,vulnerable,generic.secrets.gitleaks.jwt.jwt,test/api/user.test.ts,280,false,test or fixture code,False,True,True,
juice-shop,js,vulnerable,generic.secrets.gitleaks.generic-api-key.generic-api-key,test/api/user.test.ts,289,false,test or fixture code,False,True,False,
juice-shop,js,vulnerable,generic.secrets.gitleaks.generic-api-key.generic-api-key,test/api/user.test.ts,304,false,test or fixture code,False,True,False,
juice-shop,js,vulnerable,generic.secrets.gitleaks.generic-api-key.generic-api-key,test/api/user.test.ts,318,false,test or fixture code,False,True,False,
juice-shop,js,vulnerable,javascript.browser.security.eval-detected.eval-detected,test/cypress/e2e/contact.spec.ts,267,false,test or fixture code,False,True,False,
juice-shop,js,vulnerable,generic.secrets.security.detected-jwt-token.detected-jwt-token,test/cypress/e2e/forgedJwt.spec.ts,7,false,test or fixture code,False,True,True,
juice-shop,js,vulnerable,generic.secrets.gitleaks.jwt.jwt,test/cypress/e2e/forgedJwt.spec.ts,7,false,test or fixture code,False,True,True,
juice-shop,js,vulnerable,generic.secrets.security.detected-jwt-token.detected-jwt-token,test/cypress/e2e/forgedJwt.spec.ts,22,false,test or fixture code,False,True,True,
juice-shop,js,vulnerable,generic.secrets.gitleaks.jwt.jwt,test/cypress/e2e/forgedJwt.spec.ts,22,false,test or fixture code,False,True,True,
juice-shop,js,vulnerable,generic.secrets.security.detected-jwt-token.detected-jwt-token,test/cypress/e2e/forgedJwt.spec.ts,38,false,test or fixture code,False,True,True,
juice-shop,js,vulnerable,generic.secrets.gitleaks.jwt.jwt,test/cypress/e2e/forgedJwt.spec.ts,38,false,test or fixture code,False,True,True,
juice-shop,js,vulnerable,javascript.lang.security.html-in-template-string.html-in-template-string,test/cypress/e2e/restApi.spec.ts,62,false,test or fixture code,False,True,False,
juice-shop,js,vulnerable,generic.secrets.security.detected-generic-secret.detected-generic-secret,test/cypress/e2e/totpSetup.spec.ts,7,false,test or fixture code,False,True,True,
juice-shop,js,vulnerable,generic.secrets.gitleaks.generic-api-key.generic-api-key,test/cypress/e2e/totpSetup.spec.ts,7,false,test or fixture code,False,True,True,
juice-shop,js,vulnerable,generic.secrets.security.detected-jwt-token.detected-jwt-token,test/server/currentUser.unit.test.ts,31,false,test or fixture code,False,True,True,
juice-shop,js,vulnerable,generic.secrets.gitleaks.jwt.jwt,test/server/currentUser.unit.test.ts,31,false,test or fixture code,False,True,True,
juice-shop,js,vulnerable,generic.secrets.security.detected-jwt-token.detected-jwt-token,test/server/currentUser.unit.test.ts,34,false,test or fixture code,False,True,True,
juice-shop,js,vulnerable,generic.secrets.gitleaks.jwt.jwt,test/server/currentUser.unit.test.ts,34,false,test or fixture code,False,True,True,
juice-shop,js,vulnerable,javascript.lang.security.html-in-template-string.html-in-template-string,test/server/verify.unit.test.ts,244,false,test or fixture code,False,True,False,
juice-shop,js,vulnerable,javascript.lang.security.html-in-template-string.html-in-template-string,test/server/verify.unit.test.ts,267,false,test or fixture code,False,True,False,
juice-shop,js,vulnerable,generic.secrets.security.detected-jwt-token.detected-jwt-token,test/server/verify.unit.test.ts,283,false,test or fixture code,False,True,True,
juice-shop,js,vulnerable,generic.secrets.gitleaks.jwt.jwt,test/server/verify.unit.test.ts,283,false,test or fixture code,False,True,True,
juice-shop,js,vulnerable,generic.secrets.security.detected-jwt-token.detected-jwt-token,test/server/verify.unit.test.ts,291,false,test or fixture code,False,True,True,
juice-shop,js,vulnerable,generic.secrets.gitleaks.jwt.jwt,test/server/verify.unit.test.ts,291,false,test or fixture code,False,True,True,
juice-shop,js,vulnerable,generic.secrets.security.detected-jwt-token.detected-jwt-token,test/server/verify.unit.test.ts,308,false,test or fixture code,False,True,True,
juice-shop,js,vulnerable,generic.secrets.gitleaks.jwt.jwt,test/server/verify.unit.test.ts,308,false,test or fixture code,False,True,True,
juice-shop,js,vulnerable,generic.secrets.security.detected-jwt-token.detected-jwt-token,test/server/verify.unit.test.ts,316,false,test or fixture code,False,True,True,
juice-shop,js,vulnerable,generic.secrets.gitleaks.jwt.jwt,test/server/verify.unit.test.ts,316,false,test or fixture code,False,True,True,
microblog,python,clean,python.flask.security.unescaped-template-extension.unescaped-template-extension,app/auth/email.py,11,false,framework or template engine already escapes or protects it,False,False,False,".txt/.html email templates; Jinja autoescape on for .html, .txt is plain-text mail"
microblog,python,clean,python.flask.security.open-redirect.open-redirect,app/auth/routes.py,26,unsure,input is validated or restricted in a way the rule does not see,False,False,False,netloc check present; a backslash-prefixed path may still bypass it in some browsers
microblog,python,clean,python.lang.security.audit.dangerous-system-call-audit.dangerous-system-call-audit,app/cli.py,20,false,"developer or install tooling, not reachable from a request",False,False,False,pybabel CLI command; lang argument typed by the developer
microblog,python,clean,python.lang.security.insecure-hash-algorithms-md5.insecure-hash-algorithm-md5,app/models.py,141,false,"not a security use (hash for an avatar URL, cookie being deleted, serializing own data)",False,False,False,md5 required by Gravatar URL
microblog,python,clean,python.flask.security.unescaped-template-extension.unescaped-template-extension,app/tasks.py,47,false,framework or template engine already escapes or protects it,False,False,False,".txt/.html email templates; Jinja autoescape on for .html, .txt is plain-text mail"
microblog,python,clean,generic.html-templates.security.var-in-href.var-in-href,app/templates/index.html,15,false,"value comes from the app's own config, constants, or allowlist, not a visitor",False,False,False,href built by url_for on the server
microblog,python,clean,generic.html-templates.security.var-in-href.var-in-href,app/templates/index.html,20,false,"value comes from the app's own config, constants, or allowlist, not a visitor",False,False,False,href built by url_for on the server
microblog,python,clean,generic.html-templates.security.var-in-href.var-in-href,app/templates/search.html,11,false,"value comes from the app's own config, constants, or allowlist, not a visitor",False,False,False,href built by url_for on the server
microblog,python,clean,generic.html-templates.security.var-in-href.var-in-href,app/templates/search.html,16,false,"value comes from the app's own config, constants, or allowlist, not a visitor",False,False,False,href built by url_for on the server
microblog,python,clean,python.django.security.django-no-csrf-token.django-no-csrf-token,app/templates/user.html,21,false,framework or template engine already escapes or protects it,False,False,False,Flask-WTF form.hidden_tag() emits the CSRF token; Django rule on a Flask app
microblog,python,clean,python.django.security.django-no-csrf-token.django-no-csrf-token,app/templates/user.html,28,false,framework or template engine already escapes or protects it,False,False,False,Flask-WTF form.hidden_tag() emits the CSRF token; Django rule on a Flask app
microblog,python,clean,generic.html-templates.security.var-in-href.var-in-href,app/templates/user.html,46,false,"value comes from the app's own config, constants, or allowlist, not a visitor",False,False,False,href built by url_for on the server
microblog,python,clean,generic.html-templates.security.var-in-href.var-in-href,app/templates/user.html,51,false,"value comes from the app's own config, constants, or allowlist, not a visitor",False,False,False,href built by url_for on the server
microblog,python,clean,python.django.security.django-no-csrf-token.django-no-csrf-token,app/templates/user_popup.html,13,false,framework or template engine already escapes or protects it,False,False,False,Flask-WTF form.hidden_tag() emits the CSRF token; Django rule on a Flask app
microblog,python,clean,python.django.security.django-no-csrf-token.django-no-csrf-token,app/templates/user_popup.html,20,false,framework or template engine already escapes or protects it,False,False,False,Flask-WTF form.hidden_tag() emits the CSRF token; Django rule on a Flask app
react-redux-realworld,js,clean,html.security.audit.missing-integrity.missing-integrity,public/index.html,7,true,,False,False,False,external script/stylesheet without SRI (carries no requirement in the map; findings_against V3.6.1)
react-redux-realworld,js,clean,html.security.audit.missing-integrity.missing-integrity,public/index.html,8,true,,False,False,False,external script/stylesheet without SRI (carries no requirement in the map; findings_against V3.6.1)
angular-realworld,js,clean,generic.secrets.gitleaks.generic-api-key.generic-api-key,src/app/core/auth/services/jwt.service.spec.ts,85,false,test or fixture code,False,True,False,
angular-realworld,js,clean,generic.secrets.security.detected-jwt-token.detected-jwt-token,src/app/core/auth/services/jwt.service.spec.ts,133,false,test or fixture code,False,True,True,
angular-realworld,js,clean,generic.secrets.gitleaks.jwt.jwt,src/app/core/auth/services/jwt.service.spec.ts,133,false,test or fixture code,False,True,True,
angular-realworld,js,clean,html.security.audit.missing-integrity.missing-integrity,src/index.html,9,true,,False,False,False,external script/stylesheet without SRI (carries no requirement in the map; findings_against V3.6.1)
svelte-realworld,js,clean,html.security.audit.missing-integrity.missing-integrity,src/app.html,9,true,,False,False,False,external script/stylesheet without SRI (carries no requirement in the map; findings_against V3.6.1)
